seqid,type,start,end,strand,attributes,locus_name,old_locus_name,gene_name,gene_biotype,prev_start,prev_end,next_start,next_end,overlap_prev,overlap_next,seq_upstream,seq_next_upstream,start_codon,deltaG,RBS_dist,has_RBS,next_has_RBS,next_deltaG,next_RBS_dist,n_overlap_prev,n_overlap_next,seq_overlap_prev,seq_overlap_next,group,frame
NZ_CP043554.1,CDS,9667,10443,+,ID=gene-F0316_RS00055;Dbxref=GeneID:69718560;Name=thiF;gbkey=Gene;gene=thiF;gene_biotype=protein_coding;locus_tag=F0316_RS00055;old_locus_tag=F0316_00055,thiF,F0316_00055,thiF,protein_coding,8358,9680,10443,10643,TRUE,TRUE,TTGGCTAGGGAGGTA,AGGAGCCGCAACCGT,ATG,-10.790705,6,TRUE,TRUE,-6.11615,12,14,1,ATGCTCACAGATAA,A,1,1
NZ_CP043554.1,CDS,53363,54001,+,ID=gene-F0316_RS00280;Dbxref=GeneID:69718601;Name=F0316_RS00280;gbkey=Gene;gene_biotype=protein_coding;locus_tag=F0316_RS00280;old_locus_tag=F0316_00280,F0316_00280,F0316_00280,F0316_RS00280,protein_coding,52545,53162,54001,54549,FALSE,TRUE,CCCGTTGGAGGAGGT,TACTGAGGAAAACCC,ATG,-11.64969,6,TRUE,TRUE,-4.40793,12,,1,,A,4,1
NZ_CP043554.1,CDS,129817,131328,+,ID=gene-F0316_RS00665;Dbxref=GeneID:69718673;Name=gspE;gbkey=Gene;gene=gspE;gene_biotype=protein_coding;locus_tag=F0316_RS00665;old_locus_tag=F0316_00665,gspE,F0316_00665,gspE,protein_coding,127796,129820,131328,132548,TRUE,TRUE,AGCAGATGGAAGCCA,GGGTGACTAAGGAGT,ATG,-1.247805,10,FALSE,TRUE,-6.768055,7,4,1,ATGA,A,8,1
NZ_CP043554.1,CDS,275493,275903,+,ID=gene-F0316_RS01350;Dbxref=GeneID:69718807;Name=rplP;gbkey=Gene;gene=rplP;gene_biotype=protein_coding;locus_tag=F0316_RS01350;old_locus_tag=F0316_01350,rplP,F0316_01350,rplP,protein_coding,274780,275481,275903,276094,FALSE,TRUE,GTAAGTAAGGAGTCG,TAACTAAGCAGGTGA,ATG,-8.61615,6,TRUE,TRUE,-3.82996,7,,1,,A,13,1
NZ_CP043554.1,CDS,275903,276094,+,ID=gene-F0316_RS01355;Dbxref=GeneID:69718808;Name=rpmC;gbkey=Gene;gene=rpmC;gene_biotype=protein_coding;locus_tag=F0316_RS01355;old_locus_tag=F0316_01355,rpmC,F0316_01355,rpmC,protein_coding,275493,275903,276094,276348,TRUE,TRUE,TAACTAAGCAGGTGA,CTGAGAAGGCAGGCG,ATG,-3.82996,7,TRUE,TRUE,-6.11615,8,1,1,A,A,13,1
NZ_CP043554.1,CDS,411035,412624,+,ID=gene-F0316_RS02075;Dbxref=GeneID:69718948;Name=F0316_RS02075;gbkey=Gene;gene_biotype=protein_coding;locus_tag=F0316_RS02075;old_locus_tag=F0316_02075,F0316_02075,F0316_02075,F0316_RS02075,protein_coding,408328,409629,412624,413394,FALSE,TRUE,ATGAATAGGGTCAAC,GTTTGAAGGAGGAAG,ATG,-4.578055,8,TRUE,TRUE,-10.01615,9,,1,,A,21,1
NZ_CP043554.1,CDS,585818,586591,+,ID=gene-F0316_RS02765;Dbxref=GeneID:69719085;Name=F0316_RS02765;gbkey=Gene;gene_biotype=protein_coding;locus_tag=F0316_RS02765;old_locus_tag=F0316_02765,F0316_02765,F0316_02765,F0316_RS02765,protein_coding,584584,585831,586591,587223,TRUE,TRUE,AAGCGGAGATTAGCG,GTGACGGAGGTCTTA,ATG,-3.60793,12,TRUE,TRUE,-9.15299,9,14,1,ATGGCAAGCAATAA,A,30,1
NZ_CP043554.1,CDS,610875,611345,+,ID=gene-F0316_RS02885;Dbxref=GeneID:69719108;Name=ribE;gbkey=Gene;gene=ribE;gene_biotype=protein_coding;locus_tag=F0316_RS02885;old_locus_tag=F0316_02885,ribE,F0316_02885,ribE,protein_coding,609500,610609,611345,611815,FALSE,TRUE,CAGAGTTAAAGGAAA,TTTCTGAAATCGATT,ATG,-4.40793,8,TRUE,FALSE,2.00029,13,,1,,A,31,1
NZ_CP043554.1,CDS,710366,711226,+,ID=gene-F0316_RS03385;Dbxref=GeneID:69719208;Name=prmC;gbkey=Gene;gene=prmC;gene_biotype=protein_coding;locus_tag=F0316_RS03385;old_locus_tag=F0316_03385,prmC,F0316_03385,prmC,protein_coding,709274,710362,711226,711609,FALSE,TRUE,GGCGGATCAAAACTA,AAACGGAAAGAGAAG,ATG,-1.247805,14,FALSE,FALSE,-1.256025,5,,1,,A,34,1
NZ_CP043554.1,CDS,789621,790787,+,ID=gene-F0316_RS03815;Dbxref=GeneID:69719292;Name=sucC;gbkey=Gene;gene=sucC;gene_biotype=protein_coding;locus_tag=F0316_RS03815;old_locus_tag=F0316_03815,sucC,F0316_03815,sucC,protein_coding,788239,789453,790787,791659,FALSE,TRUE,AAACAAATGGAACAA,CCGCGGCGGAGGGCA,ATG,-1.247805,9,FALSE,TRUE,-6.856025,8,,1,,A,40,1
NZ_CP043554.1,CDS,822965,823717,+,ID=gene-F0316_RS03955;Dbxref=GeneID:69719320;Name=F0316_RS03955;gbkey=Gene;gene_biotype=protein_coding;locus_tag=F0316_RS03955;old_locus_tag=F0316_03955,F0316_03955,F0316_03955,F0316_RS03955,protein_coding,822206,822874,823717,823923,FALSE,TRUE,AAAGCAAAGTGAGAT,CCGTGCGAGGAAATC,ATG,-0.359835,7,FALSE,TRUE,-4.40793,10,,1,,A,46,1
NZ_CP043554.1,CDS,973064,974086,+,ID=gene-F0316_RS04680;Dbxref=GeneID:69719455;Name=F0316_RS04680;gbkey=Gene;gene_biotype=protein_coding;locus_tag=F0316_RS04680;old_locus_tag=F0316_04680,F0316_04680,F0316_04680,F0316_RS04680,protein_coding,971941,972639,974086,975129,FALSE,TRUE,GCATGGAGTACGCTT,GAGTAAGGTTTGGTG,GTG,-3.60793,12,TRUE,TRUE,-3.82996,11,,1,,A,52,1
NZ_CP043554.1,CDS,1000664,1002082,+,ID=gene-F0316_RS04780;Dbxref=GeneID:69719475;Name=F0316_RS04780;gbkey=Gene;gene_biotype=protein_coding;locus_tag=F0316_RS04780;old_locus_tag=F0316_04780,F0316_04780,F0316_04780,F0316_RS04780,protein_coding,1000301,1000651,1002082,1002471,FALSE,TRUE,GGGCTAACTTCATTC,AACAACTAGGGATAC,ATG,-1.39604,17,FALSE,TRUE,-4.256165,10,,1,,A,53,1
NZ_CP043554.1,CDS,1023671,1023850,+,ID=gene-F0316_RS04870;Dbxref=GeneID:69719493;Name=F0316_RS04870;gbkey=Gene;gene_biotype=protein_coding;locus_tag=F0316_RS04870;old_locus_tag=F0316_04870,F0316_04870,F0316_04870,F0316_RS04870,protein_coding,1022683,1023690,1023850,1024608,TRUE,TRUE,AAAGAGGTAATGGAA,GCATGGATGAGGGAC,ATG,-6.004895,12,TRUE,TRUE,-4.456165,8,20,1,ATGGATCACCGTCTGCTTGA,A,55,1
NZ_CP043554.1,CDS,1143626,1145095,+,ID=gene-F0316_RS05485;Dbxref=GeneID:69719608;Name=F0316_RS05485;gbkey=Gene;gene_biotype=protein_coding;locus_tag=F0316_RS05485;old_locus_tag=F0316_05485,F0316_05485,F0316_05485,F0316_RS05485,protein_coding,1143388,1143636,1145095,1146357,TRUE,TRUE,AAGTTAAAGGAGATC,CATTTCAGGTGGTTG,ATG,-6.768055,9,TRUE,TRUE,-3.82996,10,11,1,ATGAAGTTTAG,A,62,1
NZ_CP043554.1,CDS,1287983,1289188,+,ID=gene-F0316_RS06130;Dbxref=GeneID:69719732;Name=F0316_RS06130;gbkey=Gene;gene_biotype=protein_coding;locus_tag=F0316_RS06130;old_locus_tag=F0316_06130,F0316_06130,F0316_06130,F0316_RS06130,protein_coding,1286968,1287663,1289188,1289847,FALSE,TRUE,TTTAACTCTACGGAG,CGTTAGGAAGAAAAG,ATG,-4.40793,5,TRUE,TRUE,-4.20793,13,,1,,A,67,1
NZ_CP043554.1,CDS,1332872,1334488,+,ID=gene-F0316_RS06320;Dbxref=GeneID:69719761;Name=F0316_RS06320;gbkey=Gene;gene_biotype=protein_coding;locus_tag=F0316_RS06320;old_locus_tag=F0316_06320,F0316_06320,F0316_06320,F0316_RS06320,protein_coding,1327047,1327421,1334488,1335174,FALSE,TRUE,CGCTAGCAAGGAGTG,TACCCAAGGATGAGT,ATG,-7.81615,6,TRUE,TRUE,-4.40793,11,,1,,A,70,1
NZ_CP043554.1,CDS,1387825,1388583,+,ID=gene-F0316_RS06580;Dbxref=GeneID:69719813;Name=F0316_RS06580;gbkey=Gene;gene_biotype=protein_coding;locus_tag=F0316_RS06580;old_locus_tag=F0316_06580,F0316_06580,F0316_06580,F0316_RS06580,protein_coding,1381162,1381632,1388583,1389956,FALSE,TRUE,AAACGGCTAATCACA,CCGCTGCGGAGGCTA,ATG,0.827129999999999,14,FALSE,TRUE,-6.856025,8,,1,,A,73,1
NZ_CP043554.1,CDS,1390502,1390906,+,ID=gene-F0316_RS06595;Dbxref=GeneID:69719816;Name=F0316_RS06595;gbkey=Gene;gene_biotype=protein_coding;locus_tag=F0316_RS06595;old_locus_tag=F0316_06595,F0316_06595,F0316_06595,F0316_RS06595,protein_coding,1389966,1390505,1390906,1391526,TRUE,TRUE,AAGCGTTAAGGAGCC,TAGCGGCGGAGAAAC,ATG,-6.768055,8,TRUE,TRUE,-3.60793,9,4,1,ATGA,A,74,1
NZ_CP043554.1,CDS,1500799,1501656,+,ID=gene-F0316_RS07025;Dbxref=GeneID:69719902;Name=potB;gbkey=Gene;gene=potB;gene_biotype=protein_coding;locus_tag=F0316_RS07025;old_locus_tag=F0316_07025,potB,F0316_07025,potB,protein_coding,1499682,1500815,1501656,1502426,TRUE,TRUE,TGGGAGGTAGTCCTC,AGAAGGTGGAGCTAG,ATG,-10.790705,12,TRUE,TRUE,-5.056025,5,17,1,ATGAGCAAAAAGCTTAA,A,81,1
NZ_CP043554.1,CDS,1533857,1534702,+,ID=gene-F0316_RS07155;Dbxref=GeneID:69719928;Name=F0316_RS07155;gbkey=Gene;gene_biotype=protein_coding;locus_tag=F0316_RS07155;old_locus_tag=F0316_07155,F0316_07155,F0316_07155,F0316_RS07155,protein_coding,1533190,1533846,1534702,1535073,FALSE,TRUE,AATACCTAAGGTCAG,CGCACAAGGGGAAAA,ATG,-4.468055,6,TRUE,TRUE,-5.99388,10,,1,,A,83,1
NZ_CP043554.1,CDS,1555517,1556149,+,ID=gene-F0316_RS07260;Dbxref=GeneID:69719947;Name=F0316_RS07260;gbkey=Gene;gene_biotype=protein_coding;locus_tag=F0316_RS07260;old_locus_tag=F0316_07260,F0316_07260,F0316_07260,F0316_RS07260,protein_coding,1552106,1552564,1556149,1558050,FALSE,TRUE,CTGCAAAAGAGAATT,CTGCGGAGGTAGAAC,ATG,-0.359835,9,FALSE,TRUE,-9.25299,10,,1,,A,85,1
NZ_CP043554.1,CDS,1701684,1702817,+,ID=gene-F0316_RS07860;Dbxref=GeneID:69720063;Name=nrdB;gbkey=Gene;gene=nrdB;gene_biotype=protein_coding;locus_tag=F0316_RS07860;old_locus_tag=F0316_07860,nrdB,F0316_07860,nrdB,protein_coding,1699303,1701588,1702817,1703095,FALSE,TRUE,CAAACGGATGAAGGC,TCGAGGGCTTTGAAC,ATG,-2.656025,6,FALSE,TRUE,-4.456165,14,,1,,A,87,1
NZ_CP043554.1,CDS,1783618,1784808,+,ID=gene-F0316_RS08265;Dbxref=GeneID:69720140;Name=trpB;gbkey=Gene;gene=trpB;gene_biotype=protein_coding;locus_tag=F0316_RS08265;old_locus_tag=F0316_08265,trpB,F0316_08265,trpB,protein_coding,1782168,1783577,1784808,1785614,FALSE,TRUE,ATAAGAAAGGAATGT,AAGACAAAGGAGCGT,ATG,-4.40793,10,TRUE,TRUE,-7.74969,6,,1,,A,92,1
NZ_CP043554.1,CDS,1793714,1795222,+,ID=gene-F0316_RS08310;Dbxref=GeneID:69720149;Name=F0316_RS08310;gbkey=Gene;gene_biotype=protein_coding;locus_tag=F0316_RS08310;old_locus_tag=F0316_08310,F0316_08310,F0316_08310,F0316_RS08310,protein_coding,1792968,1793705,1795222,1796211,FALSE,TRUE,AACAAAAATAGGCGA,CTTTGGTGGAGGAGA,ATG,-2.132995,9,FALSE,TRUE,-6.856025,8,,1,,A,93,1
NZ_CP043554.1,CDS,1942361,1942942,+,ID=gene-F0316_RS09025;Dbxref=GeneID:69720285;Name=rsxA;gbkey=Gene;gene=rsxA;gene_biotype=protein_coding;locus_tag=F0316_RS09025;old_locus_tag=F0316_09025,rsxA,F0316_09025,rsxA,protein_coding,1942066,1942141,1942942,1943529,FALSE,TRUE,AGCAAACATTTATAT,CCGGATTGGTGAAAC,ATG,1.5151,18,FALSE,TRUE,-6.05299,10,,1,,A,96,1
NZ_CP043554.1,CDS,1943538,1946093,+,ID=gene-F0316_RS09035;Dbxref=GeneID:69720287;Name=rsxC;gbkey=Gene;gene=rsxC;gene_biotype=protein_coding;locus_tag=F0316_RS09035;old_locus_tag=F0316_09035,rsxC,F0316_09035,rsxC,protein_coding,1942942,1943529,1946093,1947139,FALSE,TRUE,GTGCGAATTAAGGAT,ACGCTGAGGAGAAAG,ATG,-4.40793,7,TRUE,TRUE,-8.21615,6,,1,,G,97,1
NZ_CP043554.1,protein_coding;gene_synonym=rodA,2014640,2015761,+,ID=gene-F0316_RS09345;Dbxref=GeneID:69720346;Name=mrdB;gbkey=Gene;gene=mrdB;gene_biotype=protein_coding;gene_synonym=rodA;locus_tag=F0316_RS09345;old_locus_tag=F0316_09345,mrdB,F0316_09345,mrdB,protein_coding;gene_synonym=rodA,2012727,2014643,2015761,2016552,TRUE,TRUE,AAGAAGAGGTAATAC,CGTTTTCGAAGACGA,ATG,-6.004895,10,TRUE,FALSE,0.9151,10,4,1,ATGA,A,99,1
NZ_CP043554.1,CDS,2487336,2487893,+,ID=gene-F0316_RS11550;Dbxref=GeneID:69720773;Name=F0316_RS11550;gbkey=Gene;gene_biotype=protein_coding;locus_tag=F0316_RS11550;old_locus_tag=F0316_11550,F0316_11550,F0316_11550,F0316_RS11550,protein_coding,2486464,2487282,2487893,2488183,FALSE,TRUE,AAATCAATAAGGGCA,CTATCTGGTATCAGT,ATG,-4.456165,8,TRUE,FALSE,-1.569835,11,,1,,A,110,1
NZ_CP043554.1,CDS,2734060,2734983,+,ID=gene-F0316_RS12750;Dbxref=GeneID:69721008;Name=F0316_RS12750;gbkey=Gene;gene_biotype=protein_coding;locus_tag=F0316_RS12750;old_locus_tag=F0316_12750,F0316_12750,F0316_12750,F0316_RS12750,protein_coding,2732394,2732774,2734983,2735555,FALSE,TRUE,AGGGAAAAAAGACGC,ATTTTGAAAAAGGCT,ATG,-3.656165,16,TRUE,FALSE,-2.332995,8,,1,,A,114,1
NZ_CP043554.1,CDS,2759616,2760305,+,ID=gene-F0316_RS12875;Dbxref=GeneID:69721032;Name=F0316_RS12875;gbkey=Gene;gene_biotype=protein_coding;locus_tag=F0316_RS12875;old_locus_tag=F0316_12875,F0316_12875,F0316_12875,F0316_RS12875,protein_coding,2759277,2759552,2760305,2761075,FALSE,TRUE,ACTTTTAGACCAACC,TGAATCAAGGAGGCA,ATG,1.1151,13,FALSE,TRUE,-10.01615,8,,1,,A,115,1
NZ_CP043554.1,CDS,2766088,2767962,+,ID=gene-F0316_RS12905;Dbxref=GeneID:69721038;Name=F0316_RS12905;gbkey=Gene;gene_biotype=protein_coding;locus_tag=F0316_RS12905;old_locus_tag=F0316_12905,F0316_12905,F0316_12905,F0316_RS12905,protein_coding,2763576,2764352,2767962,2768711,FALSE,TRUE,TAAGGCGAGCTGCTA,CAAATGAGTTTTACT,ATG,-3.81615,9,TRUE,FALSE,-0.359835,12,,1,,A,116,1
NZ_CP043554.1,CDS,2939993,2941120,+,ID=gene-F0316_RS13775;Dbxref=GeneID:69721202;Name=F0316_RS13775;gbkey=Gene;gene_biotype=protein_coding;locus_tag=F0316_RS13775;old_locus_tag=F0316_13775,F0316_13775,F0316_13775,F0316_RS13775,protein_coding,2932899,2933540,2941120,2942235,FALSE,TRUE,CGACCAAGGAAGCAA,TGGTTGATGATGCCA,ATG,-4.40793,11,TRUE,FALSE,-1.469835,16,,1,,A,119,1
NZ_CP043556.1,CDS,3368386,3369120,+,ID=gene-F0316_RS15990;Dbxref=GeneID:69721628;Name=F0316_RS15990;gbkey=Gene;gene_biotype=protein_coding;locus_tag=F0316_RS15990;old_locus_tag=F0316_15995,F0316_15995,F0316_15995,F0316_RS15990,protein_coding,3360699,3361265,3369120,3369806,FALSE,TRUE,CATCGTGAGGGAGAA,GTTTTAAATTGGAAG,GTG,-5.145645,7,TRUE,FALSE,-1.247805,7,,1,,A,129,1
NZ_CP043556.1,CDS,3371075,3372106,+,ID=gene-F0316_RS16010;Dbxref=GeneID:69721632;Name=F0316_RS16010;gbkey=Gene;gene_biotype=protein_coding;locus_tag=F0316_RS16010;old_locus_tag=F0316_16015,F0316_16015,F0316_16015,F0316_RS16010,protein_coding,3370230,3371063,3372106,3372885,FALSE,TRUE,ACCCCTGAGGCCACT,AAAAAGGTCGAATAT,GTG,-3.60793,10,TRUE,TRUE,-3.82996,12,,1,,A,130,1
NZ_CP043556.1,CDS,3493685,3494398,+,ID=gene-F0316_RS16575;Dbxref=GeneID:69721741;Name=F0316_RS16575;gbkey=Gene;gene_biotype=protein_coding;locus_tag=F0316_RS16575;old_locus_tag=F0316_16580,F0316_16580,F0316_16580,F0316_RS16575,protein_coding,3491982,3492230,3494398,3495195,FALSE,TRUE,CAAAGATAACAAGAT,ATCAGATCCTGAGCC,GTG,0.9151,16,FALSE,FALSE,-0.359835,7,,1,,A,133,1
NZ_CP043556.1,CDS,3652690,3654687,+,ID=gene-F0316_RS17235;Dbxref=GeneID:69721867;Name=F0316_RS17235;gbkey=Gene;gene_biotype=protein_coding;locus_tag=F0316_RS17235;old_locus_tag=F0316_17240,F0316_17240,F0316_17240,F0316_RS17235,protein_coding,3651129,3652475,3654687,3656828,FALSE,TRUE,TATAGTTGTCACATT,CCAGAAAAGCGGGGC,ATG,1.1151,16,FALSE,FALSE,-2.833755,6,,1,,A,139,1
NZ_CP043556.1,CDS,3795645,3796649,+,ID=gene-F0316_RS17860;Dbxref=GeneID:69721985;Name=F0316_RS17860;gbkey=Gene;gene_biotype=protein_coding;locus_tag=F0316_RS17860;old_locus_tag=F0316_17865,F0316_17865,F0316_17865,F0316_RS17860,protein_coding,3795319,3795558,3796649,3797095,FALSE,TRUE,AAACAAATAAGGTGG,ATTTAATGGAGGACT,ATG,-3.82996,7,TRUE,TRUE,-6.856025,8,,1,,A,146,1
NZ_CP043556.1,CDS,3917838,3918290,+,ID=gene-F0316_RS18510;Dbxref=GeneID:69722099;Name=F0316_RS18510;gbkey=Gene;gene_biotype=protein_coding;locus_tag=F0316_RS18510;old_locus_tag=F0316_18515,F0316_18515,F0316_18515,F0316_RS18510,protein_coding,3916662,3916961,3918290,3918760,FALSE,TRUE,AACCAAAAGGATCAC,AGCATGGAGTCTTCT,ATG,-4.40793,10,TRUE,TRUE,-3.60793,11,,1,,A,150,1
NZ_CP043555.1,CDS,4092263,4093282,+,ID=gene-F0316_RS13855;Dbxref=GeneID:69721217;Name=F0316_RS13855;gbkey=Gene;gene_biotype=protein_coding;locus_tag=F0316_RS13855;old_locus_tag=F0316_13855,F0316_13855,F0316_13855,F0316_RS13855,protein_coding,4091448,4092257,4093282,4093596,FALSE,TRUE,GTAGTCAGGGGTAAG,ACAAAAATTGGAGCG,ATG,-7.141975,6,TRUE,TRUE,-4.656025,5,,1,,A,157,1
NZ_CP043555.1,CDS,4109333,4110259,+,ID=gene-F0316_RS14000;Dbxref=GeneID:69721245;Name=F0316_RS14000;gbkey=Gene;gene_biotype=protein_coding;locus_tag=F0316_RS14000;old_locus_tag=F0316_14005,F0316_14005,F0316_14005,F0316_RS14000,protein_coding,4108757,4109092,4110259,4110579,FALSE,TRUE,ACCAAAGAGAAAAGC,CAAAACCGGAGGAAA,ATG,-0.359835,11,FALSE,TRUE,-6.856025,8,,1,,A,159,1
NZ_CP043555.1,CDS,4121375,4122154,+,ID=gene-F0316_RS14065;Dbxref=GeneID:69721258;Name=F0316_RS14065;gbkey=Gene;gene_biotype=protein_coding;locus_tag=F0316_RS14065;old_locus_tag=F0316_14070,F0316_14070,F0316_14070,F0316_RS14065,protein_coding,4120723,4121388,4122154,4123404,TRUE,TRUE,TTTGGTAGTGAGGTA,AATCACTGGAGGCTA,ATG,-6.004895,6,TRUE,TRUE,-6.856025,8,14,1,ATGACAATGAATGA,A,160,1
NZ_CP043555.1,CDS,4129689,4131662,+,ID=gene-F0316_RS14110;Dbxref=GeneID:69721267;Name=F0316_RS14110;gbkey=Gene;gene_biotype=protein_coding;locus_tag=F0316_RS14110;old_locus_tag=F0316_14115,F0316_14115,F0316_14115,F0316_RS14110,protein_coding,4128962,4129699,4131662,4132498,TRUE,TRUE,AATGCATGGTTAGCG,TAAGCGAGGGAGGAA,ATG,-1.469835,10,FALSE,TRUE,-8.39374,7,11,1,ATGGAGAATAA,A,161,1
NZ_CP043554.1,CDS,175694,176380,-,ID=gene-F0316_RS00865;Dbxref=GeneID:69718712;Name=F0316_RS00865;gbkey=Gene;gene_biotype=protein_coding;locus_tag=F0316_RS00865;old_locus_tag=F0316_00865,F0316_00865,F0316_00865,F0316_RS00865,protein_coding,179479,180486,174300,175694,FALSE,TRUE,AGCAATACACGAGGC,TAATGGTTCAGGAGG,ATG,-3.60793,6,TRUE,TRUE,-11.41615,6,,1,,A,165,1
NZ_CP043554.1,CDS,207627,209435,-,ID=gene-F0316_RS01035;Dbxref=GeneID:69718745;Name=frdA;gbkey=Gene;gene=frdA;gene_biotype=protein_coding;locus_tag=F0316_RS01035;old_locus_tag=F0316_01035,frdA,F0316_01035,frdA,protein_coding,214147,214686,206869,207627,FALSE,TRUE,ATCACACTGGAGGAT,GCGTAGAGGAGCAAA,GTG,-6.856025,7,TRUE,TRUE,-6.768055,10,,1,,A,166,1
NZ_CP043554.1,CDS,326615,327589,-,ID=gene-F0316_RS01665;Dbxref=GeneID:69718869;Name=kdsD;gbkey=Gene;gene=kdsD;gene_biotype=protein_coding;locus_tag=F0316_RS01665;old_locus_tag=F0316_01665,kdsD,F0316_01665,kdsD,protein_coding,334737,335126,326058,326615,FALSE,TRUE,ACTAAAGAGGAAGAT,TCAAAGCCGGAGTGA,ATG,-4.40793,10,TRUE,TRUE,-3.60793,8,,1,,A,169,1
NZ_CP043554.1,CDS,868434,869894,-,ID=gene-F0316_RS04190;Dbxref=GeneID:69719364;Name=F0316_RS04190;gbkey=Gene;gene_biotype=protein_coding;locus_tag=F0316_RS04190;old_locus_tag=F0316_04190,F0316_04190,F0316_04190,F0316_RS04190,protein_coding,870400,870990,868333,868434,FALSE,TRUE,ATATTACAAGGAGTT,CACGTAAGGAAGCAT,ATG,-6.768055,8,TRUE,TRUE,-4.40793,11,,1,,A,177,1
NZ_CP043554.1,CDS,1047408,1048184,-,ID=gene-F0316_RS04980;Dbxref=GeneID:69719513;Name=F0316_RS04980;gbkey=Gene;gene_biotype=protein_coding;locus_tag=F0316_RS04980;old_locus_tag=F0316_04980,F0316_04980,F0316_04980,F0316_RS04980,protein_coding,1048225,1050300,1046860,1047408,FALSE,TRUE,AATTAGGATTGCGCT,ACGCATGGTGGGTGG,ATG,-4.20793,13,TRUE,TRUE,-3.88185,5,,1,,A,179,1
NZ_CP043554.1,CDS,1158078,1159172,-,ID=gene-F0316_RS05565;Dbxref=GeneID:69719624;Name=vexC;gbkey=Gene;gene=vexC;gene_biotype=protein_coding;locus_tag=F0316_RS05565;old_locus_tag=F0316_05565,vexC,F0316_05565,vexC,protein_coding,1159388,1159966,1155028,1158078,FALSE,TRUE,AATTGAGGAGCAACA,ATAACAACGGAGCCC,ATG,-6.768055,11,TRUE,TRUE,-3.60793,8,,1,,A,184,1
NZ_CP043554.1,CDS,1231583,1232470,-,ID=gene-F0316_RS05895;Dbxref=GeneID:69719686;Name=sapC;gbkey=Gene;gene=sapC;gene_biotype=protein_coding;locus_tag=F0316_RS05895;old_locus_tag=F0316_05895,sapC,F0316_05895,sapC,protein_coding,1232457,1233419,1230588,1231583,TRUE,TRUE,TTGGTAAGGAAAGAG,TCAATGCGGGAGTCG,ATG,-4.71615,6,TRUE,TRUE,-6.99374,5,14,1,ATGTTAAGCGATAG,A,186,1
NZ_CP043554.1,CDS,1233419,1235002,-,ID=gene-F0316_RS05905;Dbxref=GeneID:69719688;Name=F0316_RS05905;gbkey=Gene;gene_biotype=protein_coding;locus_tag=F0316_RS05905;old_locus_tag=F0316_05905,F0316_05905,F0316_05905,F0316_RS05905,protein_coding,1235155,1236171,1232457,1233419,FALSE,TRUE,TACGCTAGGGCTGTG,TCGAGAGGGTGGCCG,ATG,-4.256165,11,TRUE,TRUE,-5.341975,9,,1,,A,187,1
NZ_CP043554.1,CDS,1368275,1369552,-,ID=gene-F0316_RS06495;Dbxref=GeneID:69719796;Name=F0316_RS06495;gbkey=Gene;gene_biotype=protein_coding;locus_tag=F0316_RS06495;old_locus_tag=F0316_06495,F0316_06495,F0316_06495,F0316_RS06495,protein_coding,1369556,1370770,1367574,1368275,FALSE,TRUE,CAGTAGTCGGAGTTA,AAGCATTACAGAGTG,ATG,-3.60793,8,TRUE,FALSE,-1.40793,5,,1,,A,194,1
NZ_CP043554.1,CDS,1370770,1372029,-,ID=gene-F0316_RS06505;Dbxref=GeneID:69719798;Name=F0316_RS06505;gbkey=Gene;gene_biotype=protein_coding;locus_tag=F0316_RS06505;old_locus_tag=F0316_06505,F0316_06505,F0316_06505,F0316_RS06505,protein_coding,1372022,1373155,1369556,1370770,TRUE,TRUE,AGCATGCTGGGAGGC,TTTCAGGAGCCTTTC,ATG,-8.39374,6,TRUE,TRUE,-6.468055,12,8,1,ATGAATAA,A,194,1
NZ_CP043554.1,CDS,1589677,1590696,-,ID=gene-F0316_RS07395;Dbxref=GeneID:69719973;Name=F0316_RS07395;gbkey=Gene;gene_biotype=protein_coding;locus_tag=F0316_RS07395;old_locus_tag=F0316_07395,F0316_07395,F0316_07395,F0316_RS07395,protein_coding,1590703,1591839,1589033,1589677,FALSE,TRUE,TAAAAAGGAGTAGGG,AGTACAACAAGGAAG,ATG,-7.51615,6,TRUE,TRUE,-4.40793,8,,1,,A,201,1
NZ_CP043554.1,CDS,1636326,1637867,-,ID=gene-F0316_RS07600;Dbxref=GeneID:69720012;Name=tyrR;gbkey=Gene;gene=tyrR;gene_biotype=protein_coding;locus_tag=F0316_RS07600;old_locus_tag=F0316_07600,tyrR,F0316_07600,tyrR,protein_coding,1637981,1639000,1635751,1636326,FALSE,TRUE,CAAACAGGATCCTAT,ATGGAATAAGGAAGC,GTG,-4.10793,12,TRUE,TRUE,-4.40793,9,,1,,A,205,1
NZ_CP043554.1,CDS,1715413,1716438,-,ID=gene-F0316_RS07940;Dbxref=GeneID:69720077;Name=cobT;gbkey=Gene;gene=cobT;gene_biotype=protein_coding;locus_tag=F0316_RS07940;old_locus_tag=F0316_07940,cobT,F0316_07940,cobT,protein_coding,1716924,1717370,1714628,1715413,FALSE,TRUE,AAGAAGTAAGGATGC,ATGCAGGAGTCACAG,ATG,-4.40793,9,TRUE,TRUE,-6.61615,6,,1,,A,211,1
NZ_CP043554.1,CDS,1736629,1737273,-,ID=gene-F0316_RS08060;Dbxref=GeneID:69720099;Name=uvrY;gbkey=Gene;gene=uvrY;gene_biotype=protein_coding;locus_tag=F0316_RS08060;old_locus_tag=F0316_08060,uvrY,F0316_08060,uvrY,protein_coding,1739984,1742083,1734797,1736629,FALSE,TRUE,TAAGTGTGGAGATAC,TAGATACTGAGAAGT,TTG,-3.60793,9,TRUE,FALSE,-2.14147,5,,1,,G,212,1
NZ_CP043554.1,CDS,1822223,1823296,-,ID=gene-F0316_RS08435;Dbxref=GeneID:69720174;Name=hisB;gbkey=Gene;gene=hisB;gene_biotype=protein_coding;locus_tag=F0316_RS08435;old_locus_tag=F0316_08435,hisB,F0316_08435,hisB,protein_coding,1823348,1824388,1821612,1822223,FALSE,TRUE,TGATGAAAAGGACAT,GCAGTAAAGGGGTGC,GTG,-4.40793,9,TRUE,TRUE,-7.22615,7,,1,,A,215,1
NZ_CP043554.1,CDS,1838195,1839472,-,ID=gene-F0316_RS08510;Dbxref=GeneID:69720189;Name=F0316_RS08510;gbkey=Gene;gene_biotype=protein_coding;locus_tag=F0316_RS08510;old_locus_tag=F0316_08510,F0316_08510,F0316_08510,F0316_RS08510,protein_coding,1839486,1840211,1837386,1838195,FALSE,TRUE,GCTTAATAAGGATTT,GTGAGCAAGGAGCGG,ATG,-4.40793,9,TRUE,TRUE,-8.61615,6,,1,,A,217,1
NZ_CP043554.1,CDS,1875231,1876535,-,ID=gene-F0316_RS08675;Dbxref=GeneID:69720222;Name=F0316_RS08675;gbkey=Gene;gene_biotype=protein_coding;locus_tag=F0316_RS08675;old_locus_tag=F0316_08675,F0316_08675,F0316_08675,F0316_RS08675,protein_coding,1876547,1877866,1873621,1875231,FALSE,TRUE,CGATGTAAATGGGGG,GTGCTCAAGGAGCCT,ATG,-7.78185,5,TRUE,TRUE,-6.768055,9,,1,,A,222,1
NZ_CP043554.1,CDS,1907671,1907802,-,ID=gene-F0316_RS20310;Dbxref=GeneID:76259351;Name=F0316_RS20310;gbkey=Gene;gene_biotype=protein_coding;locus_tag=F0316_RS20310;old_locus_tag=F0316_08850,F0316_08850,F0316_08850,F0316_RS20310,protein_coding,1907972,1909063,1907273,1907671,FALSE,TRUE,CCCAAAAGAGAAAAT,ACGGGTACGCTGGAT,ATG,-0.359835,10,FALSE,FALSE,-3.10755,14,,1,,A,225,1
NZ_CP043554.1,CDS,1913064,1914371,-,ID=gene-F0316_RS08875;Dbxref=GeneID:69720259;Name=fadI;gbkey=Gene;gene=fadI;gene_biotype=protein_coding;locus_tag=F0316_RS08875;old_locus_tag=F0316_08875,fadI,F0316_08875,fadI,protein_coding,1919354,1919797,1910938,1913064,FALSE,TRUE,CTTATTCGAAGGAGA,TGATTCTGGAGGTGG,ATG,-6.768055,7,TRUE,TRUE,-9.15299,7,,1,,A,226,1
NZ_CP043554.1,CDS,2053998,2055056,-,ID=gene-F0316_RS09505;Dbxref=GeneID:69720378;Name=vexG;gbkey=Gene;gene=vexG;gene_biotype=protein_coding;locus_tag=F0316_RS09505;old_locus_tag=F0316_09505,vexG,F0316_09505,vexG,protein_coding,2055944,2057632,2050888,2053998,FALSE,TRUE,TTAGACACTAAGCCA,TGAAGAAGGATGACA,ATG,0.9151,9,FALSE,TRUE,-4.40793,11,,1,,A,230,1
NZ_CP043554.1,CDS,2298656,2299054,-,ID=gene-F0316_RS10645;Dbxref=GeneID:69720600;Name=rbfA;gbkey=Gene;gene=rbfA;gene_biotype=protein_coding;locus_tag=F0316_RS10645;old_locus_tag=F0316_10645,rbfA,F0316_10645,rbfA,protein_coding,2299156,2301852,2297718,2298656,FALSE,TRUE,TCTATCAGTGAGAAA,GTGATGAGGACGAAG,ATG,-0.359835,8,FALSE,TRUE,-4.71615,6,,1,,A,239,1
NZ_CP043554.1,CDS,2345551,2347176,-,ID=gene-F0316_RS10835;Dbxref=GeneID:69720635;Name=F0316_RS10835;gbkey=Gene;gene_biotype=protein_coding;locus_tag=F0316_RS10835;old_locus_tag=F0316_10835,F0316_10835,F0316_10835,F0316_RS10835,protein_coding,2347260,2348273,2344520,2345551,FALSE,TRUE,AGCCTTATACTGATA,CTTTGGAGCAAAAGC,ATG,1.5151,18,FALSE,TRUE,-3.60793,12,,1,,A,240,1
NZ_CP043554.1,CDS,2382391,2382984,-,ID=gene-F0316_RS11000;Dbxref=GeneID:69720667;Name=petA;gbkey=Gene;gene=petA;gene_biotype=protein_coding;locus_tag=F0316_RS11000;old_locus_tag=F0316_11000,petA,F0316_11000,petA,protein_coding,2383312,2383704,2381126,2382391,FALSE,TRUE,CAAATGGGAGAATGT,ATGAGACAGGGGAGG,ATG,-6.52728,5,TRUE,TRUE,-10.09374,5,,1,,A,242,1
NZ_CP043554.1,CDS,2423676,2424302,-,ID=gene-F0316_RS11220;Dbxref=GeneID:69720711;Name=F0316_RS11220;gbkey=Gene;gene_biotype=protein_coding;locus_tag=F0316_RS11220;old_locus_tag=F0316_11220,F0316_11220,F0316_11220,F0316_RS11220,protein_coding,2424295,2425047,2422741,2423676,TRUE,TRUE,TGGTTAAAGGAAAAG,TCGCGGGAGATCTTG,ATG,-4.40793,10,TRUE,TRUE,-5.29374,5,8,1,ATGGCTAA,A,244,1
NZ_CP043554.1,CDS,2507793,2508554,-,ID=gene-F0316_RS11695;Dbxref=GeneID:69720802;Name=F0316_RS11695;gbkey=Gene;gene_biotype=protein_coding;locus_tag=F0316_RS11695;old_locus_tag=F0316_11695,F0316_11695,F0316_11695,F0316_RS11695,protein_coding,2508676,2509848,2507320,2507793,FALSE,TRUE,AGGTTTTAGGAAAGG,CCGGAATTTGGGGGT,ATG,-8.41615,6,TRUE,TRUE,-7.71539,5,,1,,A,249,1
NZ_CP043554.1,CDS,2540651,2541217,-,ID=gene-F0316_RS11835;Dbxref=GeneID:69720828;Name=F0316_RS11835;gbkey=Gene;gene_biotype=protein_coding;locus_tag=F0316_RS11835;old_locus_tag=F0316_11835,F0316_11835,F0316_11835,F0316_RS11835,protein_coding,2541207,2541719,2539881,2540651,TRUE,TRUE,AATACCGAAGGGTAT,CGATTAAGGGGAACT,ATG,-4.878055,6,TRUE,TRUE,-5.99388,10,11,1,ATGCCTGTTAA,A,250,1
NZ_CP043554.1,CDS,2578907,2580730,-,ID=gene-F0316_RS11985;Dbxref=GeneID:69720858;Name=F0316_RS11985;gbkey=Gene;gene_biotype=protein_coding;locus_tag=F0316_RS11985;old_locus_tag=F0316_11985,F0316_11985,F0316_11985,F0316_RS11985,protein_coding,2580837,2581067,2577174,2578907,FALSE,TRUE,GAATAGGGAAGTCGT,ATCAAAGGGATGTCT,ATG,-5.24969,6,TRUE,TRUE,-4.456165,12,,1,,A,254,1
NZ_CP043554.1,CDS,2743574,2744464,-,ID=gene-F0316_RS12805;Dbxref=GeneID:69721018;Name=rfbD;gbkey=Gene;gene=rfbD;gene_biotype=protein_coding;locus_tag=F0316_RS12805;old_locus_tag=F0316_12805,rfbD,F0316_12805,rfbD,protein_coding,2744461,2745339,2743026,2743574,TRUE,TRUE,TCAAAGAGGAGCGCC,ATTATAAGAGTGAAG,ATG,-6.768055,10,TRUE,FALSE,-1.10793,5,4,1,ATGA,A,260,1
NZ_CP043554.1,CDS,2771501,2772508,-,ID=gene-F0316_RS12925;Dbxref=GeneID:69721042;Name=F0316_RS12925;gbkey=Gene;gene_biotype=protein_coding;locus_tag=F0316_RS12925;old_locus_tag=F0316_12925,F0316_12925,F0316_12925,F0316_RS12925,protein_coding,2772505,2772732,2770713,2771501,TRUE,TRUE,TAGACTTAGGTTTAG,AAACAGGCAGGGATA,ATG,-3.868055,6,TRUE,TRUE,-5.841975,9,4,1,ATGA,G,264,1
NZ_CP043554.1,CDS,2785114,2786004,-,ID=gene-F0316_RS12990;Dbxref=GeneID:69721055;Name=rfbD;gbkey=Gene;gene=rfbD;gene_biotype=protein_coding;locus_tag=F0316_RS12990;old_locus_tag=F0316_12990,rfbD,F0316_12990,rfbD,protein_coding,2786001,2786879,2784554,2785114,TRUE,TRUE,TCAAAGAGGAGCGCC,ACTATAAGAGTAAAG,ATG,-6.768055,10,TRUE,FALSE,-1.10793,5,4,1,ATGA,A,267,1
NZ_CP043554.1,CDS,2893048,2894943,-,ID=gene-F0316_RS13535;Dbxref=GeneID:69721159;Name=mnmG;gbkey=Gene;gene=mnmG;gene_biotype=protein_coding;locus_tag=F0316_RS13535;old_locus_tag=F0316_13535,mnmG,F0316_13535,mnmG,protein_coding,2895418,2895852,2892416,2893048,FALSE,TRUE,TGAATACCTGAGGTC,AAAAGGGAGAAGCGG,ATG,-5.904895,6,TRUE,TRUE,-5.941975,6,,1,,A,271,1
NZ_CP043556.1,CDS,2958706,2958972,-,ID=gene-F0316_RS14195;Dbxref=GeneID:69721284;Name=F0316_RS14195;gbkey=Gene;gene_biotype=protein_coding;locus_tag=F0316_RS14195;old_locus_tag=F0316_14200,F0316_14200,F0316_14200,F0316_RS14195,protein_coding,2959881,2960192,2956610,2958706,FALSE,TRUE,ACTGTTCAAGGCGGT,CTGTTTTGGAGGCTA,ATG,-3.11463,6,FALSE,TRUE,-6.856025,8,,1,,A,275,1
NZ_CP043556.1,CDS,2979088,2980170,-,ID=gene-F0316_RS14305;Dbxref=GeneID:69721305;Name=F0316_RS14305;gbkey=Gene;gene_biotype=protein_coding;locus_tag=F0316_RS14305;old_locus_tag=F0316_14310,F0316_14310,F0316_14310,F0316_RS14305,protein_coding,2980179,2981996,2978033,2979088,FALSE,TRUE,AACGGCGTTAGGAGG,TTGATTTTGAGGCTC,ATG,-11.51615,6,TRUE,TRUE,-3.60793,8,,1,,A,276,1
NZ_CP043556.1,CDS,3037277,3037723,-,ID=gene-F0316_RS14585;Dbxref=GeneID:69721359;Name=F0316_RS14585;gbkey=Gene;gene_biotype=protein_coding;locus_tag=F0316_RS14585;old_locus_tag=F0316_14590,F0316_14590,F0316_14590,F0316_RS14585,protein_coding,3037734,3038480,3035535,3037277,FALSE,TRUE,GTTTCTTAAGGAGTT,TGATTGGGACAAGCG,ATG,-6.768055,8,TRUE,FALSE,-2.78552,11,,1,,A,278,1
NZ_CP043556.1,CDS,3038480,3039022,-,ID=gene-F0316_RS14595;Dbxref=GeneID:69721361;Name=F0316_RS14595;gbkey=Gene;gene_biotype=protein_coding;locus_tag=F0316_RS14595;old_locus_tag=F0316_14600,F0316_14600,F0316_14600,F0316_RS14595,protein_coding,3039111,3040247,3037734,3038480,FALSE,TRUE,AGACATTGAAGGGGA,TTTTACGAGGCAATG,ATG,-5.99388,7,TRUE,TRUE,-3.60793,10,,1,,A,279,1
NZ_CP043556.1,CDS,3214901,3215317,-,ID=gene-F0316_RS15370;Dbxref=GeneID:69721510;Name=F0316_RS15370;gbkey=Gene;gene_biotype=protein_coding;locus_tag=F0316_RS15370;old_locus_tag=F0316_15375,F0316_15375,F0316_15375,F0316_RS15370,protein_coding,3215353,3216618,3213480,3214901,FALSE,TRUE,ACAAAAATAAGGAGA,AATGTCATAAGGAGA,ATG,-6.768055,7,TRUE,TRUE,-6.768055,7,,1,,A,286,1
NZ_CP043556.1,CDS,3303150,3303410,-,ID=gene-F0316_RS15675;Dbxref=GeneID:69721566;Name=F0316_RS15675;gbkey=Gene;gene_biotype=protein_coding;locus_tag=F0316_RS15675;old_locus_tag=F0316_15680,F0316_15680,F0316_15680,F0316_RS15675,protein_coding,3303413,3303790,3301750,3303150,FALSE,TRUE,AGCTTAAATTGGGGT,TTCTAGGGGAGCTTT,ATG,-4.467295,5,TRUE,TRUE,-5.79388,12,,1,,A,289,1
NZ_CP043556.1,CDS,3304444,3304785,-,ID=gene-F0316_RS15690;Dbxref=GeneID:69721569;Name=F0316_RS15690;gbkey=Gene;gene_biotype=protein_coding;locus_tag=F0316_RS15690;old_locus_tag=F0316_15695,F0316_15695,F0316_15695,F0316_RS15690,protein_coding,3304826,3305188,3303794,3304444,FALSE,TRUE,TTCTCGAGTATTGCC,CTTGGTGCAAGGAGA,ATG,-0.359835,12,FALSE,TRUE,-6.768055,7,,1,,A,290,1
NZ_CP043556.1,CDS,3307169,3308776,-,ID=gene-F0316_RS15705;Dbxref=GeneID:69721572;Name=F0316_RS15705;gbkey=Gene;gene_biotype=protein_coding;locus_tag=F0316_RS15705;old_locus_tag=F0316_15710,F0316_15710,F0316_15710,F0316_RS15705,protein_coding,3308848,3311367,3305193,3307169,FALSE,TRUE,TGTTTTTTAAGGGGA,GCCTCTCGGAGTTGT,ATG,-5.99388,7,TRUE,TRUE,-5.389565,5,,1,,A,291,1
NZ_CP043556.1,CDS,3311367,3311996,-,ID=gene-F0316_RS15715;Dbxref=GeneID:69721574;Name=F0316_RS15715;gbkey=Gene;gene_biotype=protein_coding;locus_tag=F0316_RS15715;old_locus_tag=F0316_15720,F0316_15720,F0316_15720,F0316_RS15715,protein_coding,3311996,3312595,3308848,3311367,TRUE,TRUE,GTCAACGGGAGTTCT,GCAGTGAAGGGGCAC,ATG,-5.145645,9,TRUE,TRUE,-5.99388,9,1,1,A,A,291,1
NZ_CP043556.1,CDS,3311996,3312595,-,ID=gene-F0316_RS15720;Dbxref=GeneID:69721575;Name=F0316_RS15720;gbkey=Gene;gene_biotype=protein_coding;locus_tag=F0316_RS15720;old_locus_tag=F0316_15725,F0316_15725,F0316_15725,F0316_RS15720,protein_coding,3312598,3313062,3311367,3311996,FALSE,TRUE,CAAACCTCGCGGAGT,GTCAACGGGAGTTCT,ATG,-3.60793,6,TRUE,TRUE,-5.145645,9,,1,,A,292,1
NZ_CP043556.1,CDS,3326864,3327271,-,ID=gene-F0316_RS15800;Dbxref=GeneID:69721591;Name=umuD;gbkey=Gene;gene=umuD;gene_biotype=protein_coding;locus_tag=F0316_RS15800;old_locus_tag=F0316_15805,umuD,F0316_15805,umuD,protein_coding,3327432,3329519,3325608,3326864,FALSE,TRUE,ATAAATACAGTAAAG,AGATATTGAGTGATC,ATG,0.1151,6,FALSE,FALSE,-0.359835,10,,1,,A,293,1
NZ_CP043556.1,CDS,3639873,3640262,-,ID=gene-F0316_RS17175;Dbxref=GeneID:69721856;Name=F0316_RS17175;gbkey=Gene;gene_biotype=protein_coding;locus_tag=F0316_RS17175;old_locus_tag=F0316_17180,F0316_17180,F0316_17180,F0316_RS17175,protein_coding,3640397,3641977,3638743,3639873,FALSE,TRUE,TCCTCTAAAGGACTA,CATCAGAGGAGAAGC,ATG,-4.40793,9,TRUE,TRUE,-6.91615,7,,1,,A,300,1
NZ_CP043556.1,CDS,3760472,3760750,-,ID=gene-F0316_RS17695;Dbxref=GeneID:69721953;Name=F0316_RS17695;gbkey=Gene;gene_biotype=protein_coding;locus_tag=F0316_RS17695;old_locus_tag=F0316_17700,F0316_17700,F0316_17700,F0316_RS17695,protein_coding,3760743,3761219,3760149,3760472,TRUE,TRUE,CGGATACTGGAGGTC,AACGAAAAGGAGAAC,GTG,-9.15299,6,TRUE,TRUE,-6.768055,9,8,1,GTGGATAA,A,302,1
NZ_CP043556.1,CDS,3763062,3765638,-,ID=gene-F0316_RS17715;Dbxref=GeneID:69721957;Name=mbhE;gbkey=Gene;gene=mbhE;gene_biotype=protein_coding;locus_tag=F0316_RS17715;old_locus_tag=F0316_17720,mbhE,F0316_17720,mbhE,protein_coding,3765884,3766081,3762709,3763062,FALSE,TRUE,CATCCTTCTATTTGG,TTAAGGAGGAACTCG,GTG,-0.872870000000002,5,FALSE,TRUE,-10.01615,12,,1,,A,303,1
NZ_CP043556.1,CDS,3997744,3997989,-,ID=gene-F0316_RS19320;Dbxref=GeneID:69722211;Name=F0316_RS19320;gbkey=Gene;gene_biotype=protein_coding;locus_tag=F0316_RS19320;old_locus_tag=F0316_19325,F0316_19325,F0316_19325,F0316_RS19320,protein_coding,4001718,4002008,3997427,3997744,FALSE,TRUE,ATACGCACGGAGTGA,ATTCATACCGAGTAT,ATG,-3.60793,8,TRUE,FALSE,-0.359835,8,,1,,A,310,1
