seqid,type,start,end,strand,attributes,locus_name,old_locus_name,gene_name,gene_biotype,prev_start,prev_end,next_start,next_end,overlap_prev,overlap_next,seq_upstream,seq_next_upstream,start_codon,deltaG,RBS_dist,has_RBS,next_has_RBS,next_deltaG,next_RBS_dist,test_name,COG,COG_str,COG_main,COG_main_desc
NC_008596.1,CDS,79650,81089,+,ID=gene-MSMEG_RS00290;Name=eccB;gbkey=Gene;gene=eccB;gene_biotype=protein_coding;locus_tag=MSMEG_RS00290;old_locus_tag=MSMEG_0060,eccB,MSMEG_0060,eccB,protein_coding,77918,79642,81089,83317,FALSE,TRUE,ATAGGCGAGTAGGAA,TGGCGAGCGGGGAGG,ATG,-5.01615,8,TRUE,TRUE,-10.09374,5,MSMEG_0060,,,,Not in COG database
NC_008596.1,CDS,89159,90691,+,ID=gene-MSMEG_RS00330;Name=eccD;gbkey=Gene;gene=eccD;gene_biotype=protein_coding;locus_tag=MSMEG_RS00330;old_locus_tag=MSMEG_0068,eccD,MSMEG_0068,eccD,protein_coding,87738,89162,91119,91874,TRUE,FALSE,TCGACAGGCTTGAAC,CGAGTGATTGGGGAT,TTG,-2.032995,13,FALSE,FALSE,-2.833755,7,MSMEG_0068,,,,Not in COG database
NC_008596.1,CDS,143535,144542,+,ID=gene-MSMEG_RS00600;Name=MSMEG_RS00600;gbkey=Gene;gene_biotype=protein_coding;locus_tag=MSMEG_RS00600;old_locus_tag=MSMEG_0122,MSMEG_0122,MSMEG_0122,MSMEG_RS00600,protein_coding,142625,143398,144542,145048,FALSE,TRUE,ACTCAACAGGAGCAA,TCGACCTGCGGGCCA,ATG,-6.468055,9,TRUE,FALSE,-1.29604,8,MSMEG_0122,COG3181,C,C,Energy production and conversion
NC_008596.1,CDS,239607,240026,-,ID=gene-MSMEG_RS01040;Name=MSMEG_RS01040;gbkey=Gene;gene_biotype=protein_coding;locus_tag=MSMEG_RS01040;old_locus_tag=MSMEG_0212,MSMEG_0212,MSMEG_0212,MSMEG_RS01040,protein_coding,240031,240471,237244,239607,FALSE,TRUE,CTGCACCTAGCGTGA,TCCAGGAGCGCGCAC,ATG,1.1151,11,FALSE,TRUE,-6.468055,13,MSMEG_0212,COG2764,C,C,Energy production and conversion
NC_008596.1,CDS,278070,279161,-,ID=gene-MSMEG_RS01220;Name=MSMEG_RS01220;gbkey=Gene;gene_biotype=protein_coding;locus_tag=MSMEG_RS01220;old_locus_tag=MSMEG_0248,MSMEG_0248,MSMEG_0248,MSMEG_RS01220,protein_coding,280382,283423,276856,278070,FALSE,TRUE,CGCGGTTACCCTGTA,AACGCCAGGAGCCCA,GTG,-1.469835,14,FALSE,TRUE,-6.468055,10,MSMEG_0248,COG0392,M,M,Cell wall/membrane/envelope biogenesis
NC_008596.1,CDS,305144,305800,-,ID=gene-MSMEG_RS01335;Name=MSMEG_RS01335;gbkey=Gene;gene_biotype=protein_coding;locus_tag=MSMEG_RS01335;old_locus_tag=MSMEG_0271,MSMEG_0271,MSMEG_0271,MSMEG_RS01335,protein_coding,305803,306084,304140,305144,FALSE,TRUE,CGGTGTCCAGCAAGT,TCGAAGGGCAGGAAC,ATG,-1.469835,16,FALSE,TRUE,-6.91615,9,MSMEG_0271,,,,Not in COG database
NC_008596.1,CDS,372885,373643,+,ID=gene-MSMEG_RS01650;Name=MSMEG_RS01650;gbkey=Gene;gene_biotype=protein_coding;locus_tag=MSMEG_RS01650;old_locus_tag=MSMEG_0335,MSMEG_0335,MSMEG_0335,MSMEG_RS01650,protein_coding,370882,372888,373643,374437,TRUE,TRUE,CCGACGAGGACGGGC,CGGTGTGGAAGGGAC,ATG,-6.91615,7,TRUE,TRUE,-4.456165,8,MSMEG_0335,COG1024,I,I,Lipid transport and metabolism
NC_008596.1,CDS,641432,642280,-,ID=gene-MSMEG_RS02750;Name=MSMEG_RS02750;gbkey=Gene;gene_biotype=protein_coding;locus_tag=MSMEG_RS02750;old_locus_tag=MSMEG_0566,MSMEG_0566,MSMEG_0566,MSMEG_RS02750,protein_coding,642290,643711,640338,641432,FALSE,TRUE,GAAGGCGTGAGAGGA,CGTCGGAGGCGGACC,ATG,-5.01615,7,TRUE,TRUE,-6.856025,11,MSMEG_0566,COG0388,C,C,Energy production and conversion
NC_008596.1,CDS,643711,644766,-,ID=gene-MSMEG_RS02760;Name=MSMEG_RS02760;gbkey=Gene;gene_biotype=protein_coding;locus_tag=MSMEG_RS02760;old_locus_tag=MSMEG_0568,MSMEG_0568,MSMEG_0568,MSMEG_RS02760,protein_coding,644774,646045,642290,643711,FALSE,TRUE,ATGAAGGTGTAGGTA,TGCAGAATCTGGGGG,ATG,-8.913115,7,TRUE,TRUE,-7.78185,5,MSMEG_0568,COG2516,R,R,General function prediction only
NC_008596.1,CDS,693764,695320,+,ID=gene-MSMEG_RS02995;Name=eccB;gbkey=Gene;gene=eccB;gene_biotype=protein_coding;locus_tag=MSMEG_RS02995;old_locus_tag=MSMEG_0616,eccB,MSMEG_0616,eccB,protein_coding,691998,693767,695317,699294,TRUE,TRUE,TCGGACTGTCGGTGC,CGCGTATGGAGGCCT,ATG,-4.35299,7,TRUE,TRUE,-6.856025,8,MSMEG_0616,,,,Not in COG database
NC_008596.1,CDS,702737,704164,+,ID=gene-MSMEG_RS03030;Name=eccD;gbkey=Gene;gene=eccD;gene_biotype=protein_coding;locus_tag=MSMEG_RS03030;old_locus_tag=MSMEG_0623,eccD,MSMEG_0623,eccD,protein_coding,701853,702734,704172,705551,FALSE,FALSE,GAACCCAGAAAGCAT,CTCGACAGGTGATGC,ATG,0.9151,9,FALSE,TRUE,-3.82996,10,MSMEG_0623,,,,Not in COG database
NC_008596.1,CDS,803623,804960,+,ID=gene-MSMEG_RS03495;Name=MSMEG_RS03495;gbkey=Gene;gene_biotype=protein_coding;locus_tag=MSMEG_RS03495;old_locus_tag=MSMEG_0716,MSMEG_0716,MSMEG_0716,MSMEG_RS03495,protein_coding,800492,800851,804960,806609,FALSE,TRUE,TGGCTGGTGTGTTAG,CAGCGAAAGTGAGTT,GTG,-1.469835,12,FALSE,FALSE,-0.359835,7,MSMEG_0716,,,,Not in COG database
NC_008596.1,CDS,844214,845509,+,ID=gene-MSMEG_RS03700;Name=MSMEG_RS03700;gbkey=Gene;gene_biotype=protein_coding;locus_tag=MSMEG_RS03700;old_locus_tag=MSMEG_0759,MSMEG_0759,MSMEG_0759,MSMEG_RS03700,protein_coding,842208,842702,845509,846159,FALSE,TRUE,ATAGGCGGGAGAGTA,ACGTGCTGGCTGCCC,ATG,-6.890705,6,TRUE,FALSE,0.827129999999999,11,MSMEG_0759,COG0104,F,F,Nucleotide transport and metabolism
NC_008596.1,CDS,874298,875266,-,ID=gene-MSMEG_RS03840;Name=MSMEG_RS03840;gbkey=Gene;gene_biotype=protein_coding;locus_tag=MSMEG_RS03840;old_locus_tag=MSMEG_0787,MSMEG_0787,MSMEG_0787,MSMEG_RS03840,protein_coding,875362,876681,872016,874298,FALSE,TRUE,CGCGAAGAAGAGACC,TGGCGAGGTACGTCG,ATG,-0.359835,8,FALSE,TRUE,-6.004895,11,MSMEG_0787,COG0834,ET,E,Amino acid transport and metabolism
NC_008596.1,CDS,893674,894762,+,ID=gene-MSMEG_RS03935;Name=MSMEG_RS03935;gbkey=Gene;gene_biotype=protein_coding;locus_tag=MSMEG_RS03935;old_locus_tag=MSMEG_0808,MSMEG_0808,MSMEG_0808,MSMEG_RS03935,protein_coding,892151,893602,894762,895265,FALSE,TRUE,CATAACCCGTGTTAG,TCCTGCTGCGGTGGC,ATG,0.315099999999999,6,FALSE,FALSE,-1.469835,8,MSMEG_0808,COG3424,Q,Q,"Secondary metabolites biosynthesis, transport and catabolism"
NC_008596.1,CDS,904883,906142,+,ID=gene-MSMEG_RS03990;Name=MSMEG_RS03990;gbkey=Gene;gene_biotype=protein_coding;locus_tag=MSMEG_RS03990;old_locus_tag=MSMEG_0819,MSMEG_0819,MSMEG_0819,MSMEG_RS03990,protein_coding,903499,904851,906142,907605,FALSE,TRUE,ATCTCTCTAAGGAAT,CCGCCGAGACGGTGG,ATG,-4.40793,8,TRUE,FALSE,-2.404895,7,MSMEG_0819,COG0624,E,E,Amino acid transport and metabolism
NC_008596.1,CDS,930265,930732,-,ID=gene-MSMEG_RS04130;Name=MSMEG_RS04130;gbkey=Gene;gene_biotype=protein_coding;locus_tag=MSMEG_RS04130;old_locus_tag=MSMEG_0847,MSMEG_0847,MSMEG_0847,MSMEG_RS04130,protein_coding,930732,933611,928673,930265,TRUE,TRUE,CCCAGAAGGCGGCGG,GATTCGAGGGTTCCA,ATG,-3.941975,6,TRUE,TRUE,-4.778055,8,MSMEG_0847,COG1006,P,P,Inorganic ion transport and metabolism
NC_008596.1,CDS,930732,933611,-,ID=gene-MSMEG_RS04135;Name=MSMEG_RS04135;gbkey=Gene;gene_biotype=protein_coding;locus_tag=MSMEG_RS04135;old_locus_tag=MSMEG_0848,MSMEG_0848,MSMEG_0848,MSMEG_RS04135,protein_coding,935059,936345,930265,930732,FALSE,TRUE,CCAACCCGATCGGAG,CCCAGAAGGCGGCGG,ATG,-4.40793,5,TRUE,TRUE,-3.941975,6,MSMEG_0848,COG1009,C,C,Energy production and conversion
NC_008596.1,CDS,937236,938204,+,ID=gene-MSMEG_RS04165;Name=MSMEG_RS04165;gbkey=Gene;gene_biotype=protein_coding;locus_tag=MSMEG_RS04165;old_locus_tag=MSMEG_0854,MSMEG_0854,MSMEG_0854,MSMEG_RS04165,protein_coding,934162,935004,938204,938851,FALSE,TRUE,GACAGTCCACGCTGG,TCCCGATGCGAGGCG,GTG,-0.872870000000002,5,FALSE,TRUE,-3.60793,7,MSMEG_0854,COG4585,T,T,Signal transduction mechanisms
NC_008596.1,CDS,971320,972810,-,ID=gene-MSMEG_RS04320;Name=MSMEG_RS04320;gbkey=Gene;gene_biotype=protein_coding;locus_tag=MSMEG_RS04320;old_locus_tag=MSMEG_0886,MSMEG_0886,MSMEG_0886,MSMEG_RS04320,protein_coding,978024,978347,970817,971320,FALSE,TRUE,CGCGGTTACTATCAC,GCGTGGAGTTCGTGG,ATG,-1.469835,14,FALSE,TRUE,-5.65299,7,MSMEG_0886,COG0515,T,T,Signal transduction mechanisms
NC_008596.1,CDS,1004233,1004646,+,ID=gene-MSMEG_RS04490;Name=MSMEG_RS04490;gbkey=Gene;gene_biotype=protein_coding;locus_tag=MSMEG_RS04490;old_locus_tag=MSMEG_0921,MSMEG_0921,MSMEG_0921,MSMEG_RS04490,protein_coding,1003944,1004228,1004646,1005329,FALSE,TRUE,GGAAAGTCGCGCTGA,GCACCGAGGAGCCTT,ATG,-1.347805,17,FALSE,TRUE,-6.768055,10,MSMEG_0921,,,,Not in COG database
NC_008596.1,CDS,1043446,1044054,+,ID=gene-MSMEG_RS04725;Name=MSMEG_RS04725;gbkey=Gene;gene_biotype=protein_coding;locus_tag=MSMEG_RS04725;old_locus_tag=MSMEG_0970,MSMEG_0970,MSMEG_0970,MSMEG_RS04725,protein_coding,1042046,1043395,1044054,1044707,FALSE,TRUE,TGCTTCCGGATCGGG,CGGAGCCCTGGGGAA,GTG,-5.056025,5,TRUE,TRUE,-3.60793,15,MSMEG_0970,COG0406,G,G,Carbohydrate transport and metabolism
NC_008596.1,CDS,1045555,1047138,+,ID=gene-MSMEG_RS04740;Name=MSMEG_RS04740;gbkey=Gene;gene_biotype=protein_coding;locus_tag=MSMEG_RS04740;old_locus_tag=MSMEG_0973,MSMEG_0973,MSMEG_0973,MSMEG_RS04740,protein_coding,1044704,1045489,1047138,1048130,FALSE,TRUE,GGATGCGGCAGGTTT,CCGAAGAGAAGAAGG,GTG,-4.05299,7,TRUE,TRUE,-3.532995,6,MSMEG_0973,COG1333,CO,C,Energy production and conversion
NC_008596.1,CDS,1061291,1061536,+,ID=gene-MSMEG_RS04815;Name=MSMEG_RS04815;gbkey=Gene;gene_biotype=protein_coding;locus_tag=MSMEG_RS04815;old_locus_tag=MSMEG_0989,MSMEG_0989,MSMEG_0989,MSMEG_RS04815,protein_coding,1059955,1060326,1061536,1062312,FALSE,TRUE,GCCGACCTAGACTGG,ACACAGACATCGCCG,ATG,-0.872870000000002,5,FALSE,FALSE,1.2151,15,MSMEG_0989,,,,Not in COG database
NC_008596.1,CDS,1066335,1066994,+,ID=gene-MSMEG_RS04845;Name=MSMEG_RS04845;gbkey=Gene;gene_biotype=protein_coding;locus_tag=MSMEG_RS04845;old_locus_tag=MSMEG_0995,MSMEG_0995,MSMEG_0995,MSMEG_RS04845,protein_coding,1063406,1064533,1066994,1067647,FALSE,TRUE,GCGACCTAACGTCGC,ACTTCTGGCGGGCGA,GTG,1.77826,8,FALSE,FALSE,-1.29604,8,MSMEG_0995,COG0463,M,M,Cell wall/membrane/envelope biogenesis
NC_008596.1,CDS,1137579,1138550,+,ID=gene-MSMEG_RS05215;Name=speB;gbkey=Gene;gene=speB;gene_biotype=protein_coding;locus_tag=MSMEG_RS05215;old_locus_tag=MSMEG_1072,speB,MSMEG_1072,speB,protein_coding,1136794,1137555,1138540,1139403,FALSE,TRUE,CATGACGAAAGGAGA,TTGATTACGCTGATG,GTG,-6.768055,7,TRUE,FALSE,2.00029,16,MSMEG_1072,COG0010,E,E,Amino acid transport and metabolism
NC_008596.1,CDS,1150289,1151224,+,ID=gene-MSMEG_RS05280;Name=MSMEG_RS05280;gbkey=Gene;gene_biotype=protein_coding;locus_tag=MSMEG_RS05280;old_locus_tag=MSMEG_1086,MSMEG_1086,MSMEG_1086,MSMEG_RS05280,protein_coding,1149333,1150292,1151224,1152102,TRUE,TRUE,CGAGAAGGAAGGTCG,CACGGAAGCAGACCA,ATG,-8.413115,8,TRUE,FALSE,-1.247805,14,MSMEG_1086,COG1173,EP,E,Amino acid transport and metabolism
NC_008596.1,CDS,1159442,1160059,+,ID=gene-MSMEG_RS05330;Name=ureG;gbkey=Gene;gene=ureG;gene_biotype=protein_coding;locus_tag=MSMEG_RS05330;old_locus_tag=MSMEG_1095,ureG,MSMEG_1095,ureG,protein_coding,1157739,1159445,1160056,1160871,TRUE,TRUE,CGCGGAAGTTCCTGC,AGCGCGAAGTGCTGT,ATG,-1.247805,14,FALSE,FALSE,0.9151,12,MSMEG_1095,COG0378,O,O,"Posttranslational modification, protein turnover, chaperones"
NC_008596.1,CDS,1182618,1184153,+,ID=gene-MSMEG_RS05445;Name=MSMEG_RS05445;gbkey=Gene;gene_biotype=protein_coding;locus_tag=MSMEG_RS05445;old_locus_tag=MSMEG_1118,MSMEG_1118,MSMEG_1118,MSMEG_RS05445,protein_coding,1181811,1182530,1184153,1184869,FALSE,TRUE,CTCAACGAGGAGAAC,TTCCCGCGGCGATGA,ATG,-6.768055,9,TRUE,FALSE,0.827129999999999,11,MSMEG_1118,COG0531,E,E,Amino acid transport and metabolism
NC_008596.1,CDS,1184153,1184869,+,ID=gene-MSMEG_RS05450;Name=MSMEG_RS05450;gbkey=Gene;gene_biotype=protein_coding;locus_tag=MSMEG_RS05450;old_locus_tag=MSMEG_1119,MSMEG_1119,MSMEG_1119,MSMEG_RS05450,protein_coding,1182618,1184153,1184869,1185837,TRUE,TRUE,TTCCCGCGGCGATGA,GAAAGGCGAAATGGC,ATG,0.827129999999999,11,FALSE,FALSE,-2.332995,15,MSMEG_1119,COG2071,E,E,Amino acid transport and metabolism
NC_008596.1,CDS,1187553,1187897,+,ID=gene-MSMEG_RS05470;Name=MSMEG_RS05470;gbkey=Gene;gene_biotype=protein_coding;locus_tag=MSMEG_RS05470;old_locus_tag=MSMEG_1124,MSMEG_1124,MSMEG_1124,MSMEG_RS05470,protein_coding,1186442,1187440,1187897,1188550,FALSE,TRUE,GTTGGAGTAATATGA,TACCGCCGCAGGGGG,ATG,-3.60793,13,TRUE,TRUE,-10.641975,6,MSMEG_1124,COG1146,F,F,Nucleotide transport and metabolism
NC_008596.1,CDS,1274296,1275192,-,ID=gene-MSMEG_RS05875;Name=MSMEG_RS05875;gbkey=Gene;gene_biotype=protein_coding;locus_tag=MSMEG_RS05875;old_locus_tag=MSMEG_1205,MSMEG_1205,MSMEG_1205,MSMEG_RS05875,protein_coding,1279842,1280711,1273412,1274296,FALSE,TRUE,AACGCCACAGAAATC,GTGAGAAGAGCGTGG,ATC,1.2151,11,FALSE,FALSE,-2.004895,7,MSMEG_1205,COG2230,I,I,Lipid transport and metabolism
NC_008596.1,CDS,1372567,1372821,+,ID=gene-MSMEG_RS06270;Name=MSMEG_RS06270;gbkey=Gene;gene_biotype=protein_coding;locus_tag=MSMEG_RS06270;old_locus_tag=MSMEG_1283,MSMEG_1283,MSMEG_1283,MSMEG_RS06270,protein_coding,1371377,1372546,1372821,1373210,FALSE,TRUE,GTTTGTCTATAATCA,ACCGCGGTCTGCCGT,ATG,1.57826,18,FALSE,FALSE,-1.469835,12,MSMEG_1283,COG4423,S,S,Function unknown
NC_008596.1,CDS,1434167,1434628,+,ID=gene-MSMEG_RS06515;Name=MSMEG_RS06515;gbkey=Gene;gene_biotype=protein_coding;locus_tag=MSMEG_RS06515;old_locus_tag=MSMEG_1335,MSMEG_1335,MSMEG_1335,MSMEG_RS06515,protein_coding,1420278,1420427,1434628,1435863,FALSE,TRUE,ATTTATTAGCGTCAG,CCACCGAAAGGAACC,ATG,0.4151,6,FALSE,TRUE,-4.40793,9,MSMEG_1335,COG1959,K,K,Transcription
NC_008596.1,CDS,1436204,1436371,+,ID=gene-MSMEG_RS06535;Name=rpmG;gbkey=Gene;gene=rpmG;gene_biotype=protein_coding;locus_tag=MSMEG_RS06535;old_locus_tag=MSMEG_1339,rpmG,MSMEG_1339,rpmG,protein_coding,1436094,1436167,1436382,1436858,FALSE,FALSE,GTGAAAGAGAGCAGT,TCGCGGTAGCCCAAC,GTG,-1.04147,5,FALSE,FALSE,-1.569835,13,MSMEG_1339,COG0267,J,J,"Translation, ribosomal structure and biogenesis"
NC_008596.1,CDS,1445847,1447268,-,ID=gene-MSMEG_RS06605;Name=MSMEG_RS06605;gbkey=Gene;gene_biotype=protein_coding;locus_tag=MSMEG_RS06605;old_locus_tag=MSMEG_1353,MSMEG_1353,MSMEG_1353,MSMEG_RS06605,protein_coding,1449027,1449638,1444930,1445847,FALSE,TRUE,GCTTTGAGACACTGC,CCAGCGGGGACAAGG,ATG,-0.359835,12,FALSE,TRUE,-5.89374,5,MSMEG_1353,COG0661,HT,H,Coenzyme transport and metabolism
NC_008596.1,CDS,1498302,1498676,+,ID=gene-MSMEG_RS06830;Name=MSMEG_RS06830;gbkey=Gene;gene_biotype=protein_coding;locus_tag=MSMEG_RS06830;old_locus_tag=MSMEG_1398,MSMEG_1398,MSMEG_1398,MSMEG_RS06830,protein_coding,1497398,1498018,1498676,1499146,FALSE,TRUE,ACACAGAGAAAGCCG,CGAAGAAGGAGAAGA,ATG,-0.359835,12,FALSE,TRUE,-6.91615,7,MSMEG_1398,COG0048,J,J,"Translation, ribosomal structure and biogenesis"
NC_008596.1,CDS,1537596,1538249,+,ID=gene-MSMEG_RS07020;Name=MSMEG_RS07020;gbkey=Gene;gene_biotype=protein_coding;locus_tag=MSMEG_RS07020;old_locus_tag=MSMEG_1436,MSMEG_1436,MSMEG_1436,MSMEG_RS07020,protein_coding,1537276,1537581,1538249,1538896,FALSE,TRUE,AGTAGGAGACCCAGA,TCAAGCGAGGCGAGA,ATG,-6.568055,13,TRUE,TRUE,-3.668055,7,MSMEG_1436,COG0087,J,J,"Translation, ribosomal structure and biogenesis"
NC_008596.1,CDS,1538249,1538896,+,ID=gene-MSMEG_RS07025;Name=rplD;gbkey=Gene;gene=rplD;gene_biotype=protein_coding;locus_tag=MSMEG_RS07025;old_locus_tag=MSMEG_1437,rplD,MSMEG_1437,rplD,protein_coding,1537596,1538249,1538896,1539198,TRUE,TRUE,TCAAGCGAGGCGAGA,AAGAAGGAGCGTCGG,ATG,-3.668055,7,TRUE,TRUE,-8.413115,9,MSMEG_1437,COG0088,J,J,"Translation, ribosomal structure and biogenesis"
NC_008596.1,CDS,1540359,1540820,+,ID=gene-MSMEG_RS07045;Name=rplV;gbkey=Gene;gene=rplV;gene_biotype=protein_coding;locus_tag=MSMEG_RS07045;old_locus_tag=MSMEG_1441,rplV,MSMEG_1441,rplV,protein_coding,1540081,1540362,1540820,1541647,TRUE,TRUE,ACCGGAAGAGCAAGC,CGAAGGAGGGCTCGG,ATG,-1.247805,14,FALSE,TRUE,-10.01615,12,MSMEG_1441,COG0091,J,J,"Translation, ribosomal structure and biogenesis"
NC_008596.1,CDS,1541650,1542066,+,ID=gene-MSMEG_RS07055;Name=rplP;gbkey=Gene;gene=rplP;gene_biotype=protein_coding;locus_tag=MSMEG_RS07055;old_locus_tag=MSMEG_1443,rplP,MSMEG_1443,rplP,protein_coding,1540820,1541647,1542066,1542299,FALSE,TRUE,AGAGCACGGAGAGCT,CCCGAGAGGAGCAGT,ATG,-3.60793,9,TRUE,TRUE,-8.54969,6,MSMEG_1443,COG0197,J,J,"Translation, ribosomal structure and biogenesis"
NC_008596.1,CDS,1542066,1542299,+,ID=gene-MSMEG_RS07060;Name=MSMEG_RS07060;gbkey=Gene;gene_biotype=protein_coding;locus_tag=MSMEG_RS07060;old_locus_tag=MSMEG_1444,MSMEG_1444,MSMEG_1444,MSMEG_RS07060,protein_coding,1541650,1542066,1542299,1542595,TRUE,TRUE,CCCGAGAGGAGCAGT,CTGCTGGTGAGGAAT,ATG,-8.54969,6,TRUE,TRUE,-4.40793,8,MSMEG_1444,COG0255,J,J,"Translation, ribosomal structure and biogenesis"
NC_008596.1,CDS,1543640,1545139,-,ID=gene-MSMEG_RS07080;Name=MSMEG_RS07080;gbkey=Gene;gene_biotype=protein_coding;locus_tag=MSMEG_RS07080;old_locus_tag=MSMEG_1448,MSMEG_1448,MSMEG_1448,MSMEG_RS07080,protein_coding,1549538,1551166,1543239,1543640,FALSE,TRUE,TCGTACGAACGGAGT,AGCTCACCGGCGCAC,GTG,-3.60793,6,TRUE,FALSE,0.827129999999999,10,MSMEG_1448,COG0659,P,P,Inorganic ion transport and metabolism
NC_008596.1,CDS,1562308,1562625,+,ID=gene-MSMEG_RS07160;Name=rplX;gbkey=Gene;gene=rplX;gene_biotype=protein_coding;locus_tag=MSMEG_RS07160;old_locus_tag=MSMEG_1466,rplX,MSMEG_1466,rplX,protein_coding,1561939,1562307,1562625,1563188,FALSE,TRUE,TGCCCCGGAGGTGCT,CCAACGGCAAGGACA,ATG,-9.15299,8,TRUE,TRUE,-4.40793,8,MSMEG_1466,COG0198,J,J,"Translation, ribosomal structure and biogenesis"
NC_008596.1,CDS,1582078,1583100,+,ID=gene-MSMEG_RS07280;Name=MSMEG_RS07280;gbkey=Gene;gene_biotype=protein_coding;locus_tag=MSMEG_RS07280;old_locus_tag=MSMEG_1490,MSMEG_1490,MSMEG_1490,MSMEG_RS07280,protein_coding,1581389,1582069,1583100,1584137,FALSE,TRUE,GGATGAAATGAGCAT,GCTGGGGAGGCCGGG,ATG,-1.347805,17,FALSE,TRUE,-8.39374,10,MSMEG_1490,COG0332,I,I,Lipid transport and metabolism
NC_008596.1,CDS,1598476,1599585,+,ID=gene-MSMEG_RS07365;Name=MSMEG_RS07365;gbkey=Gene;gene_biotype=protein_coding;locus_tag=MSMEG_RS07365;old_locus_tag=MSMEG_1507,MSMEG_1507,MSMEG_1507,MSMEG_RS07365,protein_coding,1596109,1596867,1599585,1601009,FALSE,TRUE,CGGCAGATCCGGAGA,TTCTCCTGGAGGACC,GTG,-3.60793,6,TRUE,TRUE,-6.856025,8,MSMEG_1507,COG3191,E,E,Amino acid transport and metabolism
NC_008596.1,CDS,1620683,1622059,+,ID=gene-MSMEG_RS07495;Name=eccB;gbkey=Gene;gene=eccB;gene_biotype=protein_coding;locus_tag=MSMEG_RS07495;old_locus_tag=MSMEG_1534,eccB,MSMEG_1534,eccB,protein_coding,1619643,1620203,1624781,1628416,FALSE,FALSE,GGTCAGATCCGGGGG,CGCGTGCGTCCAAAC,ATG,-7.78185,5,TRUE,FALSE,1.77826,15,MSMEG_1534,,,,Not in COG database
NC_008596.1,CDS,1623349,1624662,-,ID=gene-MSMEG_RS07505;Name=eccD;gbkey=Gene;gene=eccD;gene_biotype=protein_coding;locus_tag=MSMEG_RS07505;old_locus_tag=MSMEG_1535,eccD,MSMEG_1535,eccD,protein_coding,1630283,1631665,1622024,1623349,FALSE,TRUE,GCGTCGACCGGGGGG,TGCGCGGGTTCGGGA,GTG,-9.319565,5,TRUE,TRUE,-4.119565,6,MSMEG_1535,,,,Not in COG database
NC_008596.1,CDS,1697467,1698417,-,ID=gene-MSMEG_RS07860;Name=MSMEG_RS07860;gbkey=Gene;gene_biotype=protein_coding;locus_tag=MSMEG_RS07860;old_locus_tag=MSMEG_1609,MSMEG_1609,MSMEG_1609,MSMEG_RS07860,protein_coding,1704885,1705619,1695107,1697467,FALSE,TRUE,ACGGGGCGGGGAGAT,CGGAGCGGCCACAGC,ATG,-5.145645,7,TRUE,TRUE,-3.756025,12,MSMEG_1609,,,,Not in COG database
NC_008596.1,CDS,1805591,1807099,-,ID=gene-MSMEG_RS08350;Name=MSMEG_RS08350;gbkey=Gene;gene_biotype=protein_coding;locus_tag=MSMEG_RS08350;old_locus_tag=MSMEG_1711,MSMEG_1711,MSMEG_1711,MSMEG_RS08350,protein_coding,1807122,1808108,1804521,1805591,FALSE,TRUE,CATGAACGAACCAAC,TGATCGCGGGGACCT,GTG,2.00029,15,FALSE,FALSE,-2.833755,9,MSMEG_1711,COG1129,G,G,Carbohydrate transport and metabolism
NC_008596.1,CDS,1866940,1867401,-,ID=gene-MSMEG_RS08660;Name=MSMEG_RS08660;gbkey=Gene;gene_biotype=protein_coding;locus_tag=MSMEG_RS08660;old_locus_tag=MSMEG_1781,MSMEG_1781,MSMEG_1781,MSMEG_RS08660,protein_coding,1867419,1868306,1865711,1866940,FALSE,TRUE,GAGCAGGAGATGGCG,TCGAGACCGGGTACC,GTG,-6.61615,9,TRUE,FALSE,-3.10755,8,MSMEG_1781,,,,Not in COG database
NC_008596.1,CDS,1948496,1948774,-,ID=gene-MSMEG_RS09090;Name=MSMEG_RS09090;gbkey=Gene;gene_biotype=protein_coding;locus_tag=MSMEG_RS09090;old_locus_tag=MSMEG_1871,MSMEG_1871,MSMEG_1871,MSMEG_RS09090,protein_coding,1948794,1949663,1944699,1948496,FALSE,TRUE,CGGTGGCGGGGCCCC,CCGAGATGTGGGATG,GTG,-2.833755,9,FALSE,FALSE,-2.804895,11,MSMEG_1871,COG4842,V,V,Defense mechanisms
NC_008596.1,CDS,2058068,2058811,+,ID=gene-MSMEG_RS09590;Name=MSMEG_RS09590;gbkey=Gene;gene_biotype=protein_coding;locus_tag=MSMEG_RS09590;old_locus_tag=MSMEG_1976,MSMEG_1976,MSMEG_1976,MSMEG_RS09590,protein_coding,2057028,2058071,2058811,2059836,TRUE,TRUE,CCAAGGAGAGCGTGT,GAACCCGAAGGAGCA,ATG,-8.813115,8,TRUE,TRUE,-6.768055,8,MSMEG_1976,COG2151,O,O,"Posttranslational modification, protein turnover, chaperones"
NC_008596.1,CDS,2091191,2092510,+,ID=gene-MSMEG_RS09755;Name=hisD;gbkey=Gene;gene=hisD;gene_biotype=protein_coding;locus_tag=MSMEG_RS09755;old_locus_tag=MSMEG_2012,hisD,MSMEG_2012,hisD,protein_coding,2088924,2089604,2092507,2093262,FALSE,TRUE,CATCAGAAAGGAGCG,CCGATGCGGCGGTCC,ATG,-7.81615,6,TRUE,FALSE,-1.469835,7,MSMEG_2012,COG0141,E,E,Amino acid transport and metabolism
NC_008596.1,CDS,2108135,2108896,-,ID=gene-MSMEG_RS09845;Name=MSMEG_RS09845;gbkey=Gene;gene_biotype=protein_coding;locus_tag=MSMEG_RS09845;old_locus_tag=MSMEG_2029,MSMEG_2029,MSMEG_2029,MSMEG_RS09845,protein_coding,2109561,2109743,2106948,2108135,FALSE,TRUE,AACGACCGCTAAAGA,GCGGCGGGTCGATGC,ATG,0.9151,7,FALSE,FALSE,-3.00755,11,MSMEG_2029,COG1028,I,I,Lipid transport and metabolism
NC_008596.1,CDS,2121822,2123135,+,ID=gene-MSMEG_RS09920;Name=MSMEG_RS09920;gbkey=Gene;gene_biotype=protein_coding;locus_tag=MSMEG_RS09920;old_locus_tag=MSMEG_2044,MSMEG_2044,MSMEG_2044,MSMEG_RS09920,protein_coding,2121141,2121749,2123135,2124499,FALSE,TRUE,CTGCATAGGCTGTTC,ACGAGATCGGGGACG,GTG,-2.132995,12,FALSE,TRUE,-4.68185,5,MSMEG_2044,COG2271,G,G,Carbohydrate transport and metabolism
NC_008596.1,CDS,2141556,2142272,-,ID=gene-MSMEG_RS10005;Name=MSMEG_RS10005;gbkey=Gene;gene_biotype=protein_coding;locus_tag=MSMEG_RS10005;old_locus_tag=MSMEG_2061,MSMEG_2061,MSMEG_2061,MSMEG_RS10005,protein_coding,2142269,2142823,2140228,2141556,TRUE,TRUE,AACTCAAGGGGCTGT,AGCGGAGGTCCTACA,GTG,-7.775515,6,TRUE,TRUE,-9.15299,11,MSMEG_2061,COG0852,C,C,Energy production and conversion
NC_008596.1,CDS,2149593,2150795,-,ID=gene-MSMEG_RS10065;Name=MSMEG_RS10065;gbkey=Gene;gene_biotype=protein_coding;locus_tag=MSMEG_RS10065;old_locus_tag=MSMEG_2073,MSMEG_2073,MSMEG_2073,MSMEG_RS10065,protein_coding,2150792,2152021,2148691,2149593,TRUE,TRUE,CGACCGAGGGTGCGG,ACGACGAAGGGGTGC,GTG,-7.441975,6,TRUE,TRUE,-7.22615,7,MSMEG_2073,COG1804,I,I,Lipid transport and metabolism
NC_008596.1,CDS,2174138,2175013,-,ID=gene-MSMEG_RS10185;Name=MSMEG_RS10185;gbkey=Gene;gene_biotype=protein_coding;locus_tag=MSMEG_RS10185;old_locus_tag=MSMEG_2098,MSMEG_2098,MSMEG_2098,MSMEG_RS10185,protein_coding,2175058,2176023,2173038,2174138,FALSE,TRUE,TTCGAGGAGATCTAT,GTACCGCCGAGGCGT,ATG,-6.768055,12,TRUE,TRUE,-3.60793,8,MSMEG_2098,COG0179,Q,Q,"Secondary metabolites biosynthesis, transport and catabolism"
NC_008596.1,CDS,2299418,2300200,-,ID=gene-MSMEG_RS10765;Name=MSMEG_RS10765;gbkey=Gene;gene_biotype=protein_coding;locus_tag=MSMEG_RS10765;old_locus_tag=MSMEG_2218,MSMEG_2218,MSMEG_2218,MSMEG_RS10765,protein_coding,2300197,2301003,2297967,2299418,TRUE,TRUE,AGCCCGTCTGGAAGT,CACCTCCGCGGATCA,ATG,-1.247805,8,FALSE,FALSE,-1.247805,8,MSMEG_2218,COG1024,I,I,Lipid transport and metabolism
NC_008596.1,CDS,2354278,2356566,+,ID=gene-MSMEG_RS11010;Name=hypF;gbkey=Gene;gene=hypF;gene_biotype=protein_coding;locus_tag=MSMEG_RS11010;old_locus_tag=MSMEG_2273,hypF,MSMEG_2273,hypF,protein_coding,2352147,2352983,2356566,2356826,FALSE,TRUE,CGAGTGGCCCAGGAG,TTCGGAAAGGAGAGG,ATG,-7.268055,6,TRUE,TRUE,-8.61615,6,MSMEG_2273,COG0068,O,O,"Posttranslational modification, protein turnover, chaperones"
NC_008596.1,CDS,2482984,2484648,+,ID=gene-MSMEG_RS11640;Name=MSMEG_RS11640;gbkey=Gene;gene_biotype=protein_coding;locus_tag=MSMEG_RS11640;old_locus_tag=MSMEG_2402,MSMEG_2402,MSMEG_2402,MSMEG_RS11640,protein_coding,2481480,2482163,2484648,2486906,FALSE,TRUE,GCGTGAACTTGGAGG,TGCTGATCGGGGTTG,ATG,-8.556025,5,TRUE,TRUE,-5.13072,7,MSMEG_2402,COG1461,R,R,General function prediction only
NC_008596.1,CDS,2491665,2492393,+,ID=gene-MSMEG_RS11680;Name=MSMEG_RS11680;gbkey=Gene;gene_biotype=protein_coding;locus_tag=MSMEG_RS11680;old_locus_tag=MSMEG_2410,MSMEG_2410,MSMEG_2410,MSMEG_RS11680,protein_coding,2490579,2491631,2492393,2493025,FALSE,TRUE,GCGCCGGTACGCTTG,GCGAGGTTCCGGGGC,GTG,-1.569835,12,FALSE,TRUE,-5.904895,13,MSMEG_2410,COG1651,O,O,"Posttranslational modification, protein turnover, chaperones"
NC_008596.1,CDS,2514582,2516150,+,ID=gene-MSMEG_RS11780;Name=ffh;gbkey=Gene;gene=ffh;gene_biotype=protein_coding;locus_tag=MSMEG_RS11780;old_locus_tag=MSMEG_2430,ffh,MSMEG_2430,ffh,protein_coding,2513512,2514516,2516150,2517226,FALSE,TRUE,CGCCCGTTAGGCTTG,TGAAGTTCCCCAACA,GTG,-2.132995,10,FALSE,FALSE,0.9151,16,MSMEG_2430,COG0541,U,U,"Intracellular trafficking, secretion, and vesicular transport"
NC_008596.1,CDS,2589951,2591192,-,ID=gene-MSMEG_RS12150;Name=MSMEG_RS12150;gbkey=Gene;gene_biotype=protein_coding;locus_tag=MSMEG_RS12150;old_locus_tag=MSMEG_2505,MSMEG_2505,MSMEG_2505,MSMEG_RS12150,protein_coding,2591193,2592062,2589424,2589951,FALSE,TRUE,TCCAACCGTAGGTGT,CCGCACCCGGAGGTG,ATG,-3.82996,7,TRUE,TRUE,-9.15299,6,MSMEG_2505,COG0065,E,E,Amino acid transport and metabolism
NC_008596.1,CDS,2683715,2684461,+,ID=gene-MSMEG_RS12620;Name=pcaH;gbkey=Gene;gene=pcaH;gene_biotype=protein_coding;locus_tag=MSMEG_RS12620;old_locus_tag=MSMEG_2601,pcaH,MSMEG_2601,pcaH,protein_coding,2682163,2682897,2684461,2685018,FALSE,TRUE,GTCAGTAGCTTGCTC,GCACCCCGACGGAGG,ATG,1.1151,13,FALSE,TRUE,-8.556025,5,MSMEG_2601,COG3485,Q,Q,"Secondary metabolites biosynthesis, transport and catabolism"
NC_008596.1,CDS,2707775,2710579,+,ID=gene-MSMEG_RS12750;Name=infB;gbkey=Gene;gene=infB;gene_biotype=protein_coding;locus_tag=MSMEG_RS12750;old_locus_tag=MSMEG_2628,infB,MSMEG_2628,infB,protein_coding,2707385,2707672,2710579,2711049,FALSE,TRUE,CTCAAGATGAGGAGA,TCGAGAAGGCACGTA,GTG,-6.768055,7,TRUE,FALSE,-2.332995,12,MSMEG_2628,COG0532,J,J,"Translation, ribosomal structure and biogenesis"
NC_008596.1,CDS,2781233,2783524,-,ID=gene-MSMEG_RS13145;Name=hypF;gbkey=Gene;gene=hypF;gene_biotype=protein_coding;locus_tag=MSMEG_RS13145;old_locus_tag=MSMEG_2711,hypF,MSMEG_2711,hypF,protein_coding,2783521,2783781,2780500,2781228,TRUE,FALSE,AATCCCTCGGGGGTG,GGGAACGCGGGGTAG,GTG,-8.378815,6,TRUE,TRUE,-5.790705,7,MSMEG_2711,COG0068,O,O,"Posttranslational modification, protein turnover, chaperones"
NC_008596.1,CDS,2831277,2831741,+,ID=gene-MSMEG_RS13395;Name=dut;gbkey=Gene;gene=dut;gene_biotype=protein_coding;locus_tag=MSMEG_RS13395;old_locus_tag=MSMEG_2765,dut,MSMEG_2765,dut,protein_coding,2830449,2830751,2831741,2832532,FALSE,TRUE,CAGAGTAATCTGTGA,GCGGACATGCGAGTT,GTG,-0.359835,15,FALSE,FALSE,-2.15299,6,MSMEG_2765,COG0756,FV,F,Nucleotide transport and metabolism
NC_008596.1,CDS,2918398,2919429,+,ID=gene-MSMEG_RS13850;Name=MSMEG_RS13850;gbkey=Gene;gene_biotype=protein_coding;locus_tag=MSMEG_RS13850;old_locus_tag=MSMEG_2856,MSMEG_2856,MSMEG_2856,MSMEG_RS13850,protein_coding,2917214,2918401,2919429,2920505,TRUE,TRUE,CCCAGATCGGACAGC,GAAGATGCGCGGAGC,ATG,-1.247805,9,FALSE,TRUE,-3.60793,6,MSMEG_2856,COG1463,M,M,Cell wall/membrane/envelope biogenesis
NC_008596.1,CDS,2921962,2923152,+,ID=gene-MSMEG_RS13865;Name=MSMEG_RS13865;gbkey=Gene;gene_biotype=protein_coding;locus_tag=MSMEG_RS13865;old_locus_tag=MSMEG_2859,MSMEG_2859,MSMEG_2859,MSMEG_RS13865,protein_coding,2920508,2921965,2923152,2924639,TRUE,TRUE,CCGCACCGGAAGGAA,CCGCAGAGGGAGGCA,GTG,-4.40793,7,TRUE,TRUE,-8.39374,7,MSMEG_2859,COG1463,M,M,Cell wall/membrane/envelope biogenesis
NC_008596.1,CDS,2941974,2942756,-,ID=gene-MSMEG_RS13970;Name=MSMEG_RS13970;gbkey=Gene;gene_biotype=protein_coding;locus_tag=MSMEG_RS13970;old_locus_tag=MSMEG_2880,MSMEG_2880,MSMEG_2880,MSMEG_RS13970,protein_coding,2942785,2944206,2940823,2941974,FALSE,TRUE,CACGAAAGGTGACCG,AGAAATGGCGCAGCG,ATG,-3.82996,10,TRUE,FALSE,0.827129999999999,12,MSMEG_2880,COG1024,I,I,Lipid transport and metabolism
NC_008596.1,CDS,2979652,2980356,-,ID=gene-MSMEG_RS14155;Name=MSMEG_RS14155;gbkey=Gene;gene_biotype=protein_coding;locus_tag=MSMEG_RS14155;old_locus_tag=MSMEG_2916,MSMEG_2916,MSMEG_2916,MSMEG_RS14155,protein_coding,2980507,2981214,2978144,2979652,FALSE,TRUE,TCTGGGTCAACTCCC,TGCTGCGACCGGCGG,ATG,-3.00755,13,FALSE,FALSE,-0.872870000000002,5,MSMEG_2916,COG0745,TK,T,Signal transduction mechanisms
NC_008596.1,CDS,2997421,2998581,+,ID=gene-MSMEG_RS14250;Name=MSMEG_RS14250;gbkey=Gene;gene_biotype=protein_coding;locus_tag=MSMEG_RS14250;old_locus_tag=MSMEG_2935,MSMEG_2935,MSMEG_2935,MSMEG_RS14250,protein_coding,2996505,2997419,2998581,2999636,FALSE,TRUE,GCACGGTTGGGAACC,CGGCCGGAGAATCGG,ATG,-2.78552,8,FALSE,TRUE,-3.756025,5,MSMEG_2935,COG0438,M,M,Cell wall/membrane/envelope biogenesis
NC_008596.1,CDS,3007026,3007814,+,ID=gene-MSMEG_RS14310;Name=MSMEG_RS14310;gbkey=Gene;gene_biotype=protein_coding;locus_tag=MSMEG_RS14310;old_locus_tag=MSMEG_2947,MSMEG_2947,MSMEG_2947,MSMEG_RS14310,protein_coding,3006499,3006885,3007814,3008629,FALSE,TRUE,CGCGGAATTGGAGTC,ACACGAACGGAGCCA,ATG,-3.60793,7,TRUE,TRUE,-3.60793,8,MSMEG_2947,COG1878,E,E,Amino acid transport and metabolism
NC_008596.1,CDS,3032378,3032989,-,ID=gene-MSMEG_RS14410;Name=MSMEG_RS14410;gbkey=Gene;gene_biotype=protein_coding;locus_tag=MSMEG_RS14410;old_locus_tag=MSMEG_2967,MSMEG_2967,MSMEG_2967,MSMEG_RS14410,protein_coding,3035748,3037301,3030981,3032378,FALSE,TRUE,CACCACGCAGAGGAG,CCCATCAACAGGAGA,ATG,-7.568055,6,TRUE,TRUE,-6.468055,7,MSMEG_2967,COG1853,C,C,Energy production and conversion
NC_008596.1,CDS,3044086,3044898,-,ID=gene-MSMEG_RS14465;Name=urtD;gbkey=Gene;gene=urtD;gene_biotype=protein_coding;locus_tag=MSMEG_RS14465;old_locus_tag=MSMEG_2979,urtD,MSMEG_2979,urtD,protein_coding,3044895,3046022,3043394,3044086,TRUE,TRUE,AGAAGGTAGGTGCCG,GTGCGGAAGGGATCG,ATG,-8.413115,10,TRUE,TRUE,-4.456165,10,MSMEG_2979,COG4674,R,R,General function prediction only
NC_008596.1,CDS,3084783,3088091,+,ID=gene-MSMEG_RS14650;Name=MSMEG_RS14650;gbkey=Gene;gene_biotype=protein_coding;locus_tag=MSMEG_RS14650;old_locus_tag=MSMEG_3016,MSMEG_3016,MSMEG_3016,MSMEG_RS14650,protein_coding,3082878,3083348,3088091,3090805,FALSE,TRUE,CTTGTGATGGGATTT,TGCGTACCGTTCTTC,ATG,-2.78552,8,FALSE,FALSE,1.67826,15,MSMEG_3016,COG1305,O,O,"Posttranslational modification, protein turnover, chaperones"
NC_008596.1,CDS,3102792,3103991,+,ID=gene-MSMEG_RS14720;Name=aroC;gbkey=Gene;gene=aroC;gene_biotype=protein_coding;locus_tag=MSMEG_RS14720;old_locus_tag=MSMEG_3030,aroC,MSMEG_3030,aroC,protein_coding,3102259,3102702,3103991,3104725,FALSE,TRUE,GCGTGGGAGAATGAC,CGGCGCAGGCTTCGA,GTG,-5.145645,11,TRUE,FALSE,-2.032995,12,MSMEG_3030,COG0082,E,E,Amino acid transport and metabolism
NC_008596.1,CDS,3143957,3144667,-,ID=gene-MSMEG_RS14910;Name=MSMEG_RS14910;gbkey=Gene;gene_biotype=protein_coding;locus_tag=MSMEG_RS14910;old_locus_tag=MSMEG_3070,MSMEG_3070,MSMEG_3070,MSMEG_RS14910,protein_coding,3147737,3148219,3142257,3143957,FALSE,TRUE,GAGCCTCTACGATGC,TCACCAAGCCCGCGG,ATG,-0.559835000000001,17,FALSE,FALSE,-0.872870000000002,5,MSMEG_3070,,,,Not in COG database
NC_008596.1,CDS,3166037,3167596,-,ID=gene-MSMEG_RS15025;Name=MSMEG_RS15025;gbkey=Gene;gene_biotype=protein_coding;locus_tag=MSMEG_RS15025;old_locus_tag=MSMEG_3093,MSMEG_3093,MSMEG_3093,MSMEG_RS15025,protein_coding,3167600,3168691,3165093,3166037,FALSE,TRUE,ACCCAACGAGGTCTG,CATTCCGGGTGGTCC,ATG,-5.904895,8,TRUE,TRUE,-4.478815,7,MSMEG_3093,COG1069,G,G,Carbohydrate transport and metabolism
NC_008596.1,CDS,3198660,3199871,+,ID=gene-MSMEG_RS15165;Name=sufD;gbkey=Gene;gene=sufD;gene_biotype=protein_coding;locus_tag=MSMEG_RS15165;old_locus_tag=MSMEG_3123,sufD,MSMEG_3123,sufD,protein_coding,3197224,3198657,3199871,3200644,FALSE,TRUE,AAGGTGCGGTCGGCT,CCGAAGGAATCAAGC,ATG,-3.82996,15,TRUE,TRUE,-4.40793,13,MSMEG_3123,COG0719,O,O,"Posttranslational modification, protein turnover, chaperones"
NC_008596.1,CDS,3249596,3250303,+,ID=gene-MSMEG_RS15410;Name=MSMEG_RS15410;gbkey=Gene;gene_biotype=protein_coding;locus_tag=MSMEG_RS15410;old_locus_tag=MSMEG_3174,MSMEG_3174,MSMEG_3174,MSMEG_RS15410,protein_coding,3246698,3248089,3250303,3251232,FALSE,TRUE,ACTTTGGGATGATGG,ACCAGGCCGAGCCGT,GTG,-5.89374,5,TRUE,TRUE,-4.74969,6,MSMEG_3174,COG0597,MU,M,Cell wall/membrane/envelope biogenesis
NC_008596.1,CDS,3284209,3285537,+,ID=gene-MSMEG_RS15565;Name=hisD;gbkey=Gene;gene=hisD;gene_biotype=protein_coding;locus_tag=MSMEG_RS15565;old_locus_tag=MSMEG_3205,hisD,MSMEG_3205,hisD,protein_coding,3280236,3281093,3285537,3286676,FALSE,TRUE,ATCAGGGACAATGAA,GACGGAGGTTCGAGC,ATG,-4.156165,14,TRUE,TRUE,-9.15299,11,MSMEG_3205,COG0141,E,E,Amino acid transport and metabolism
NC_008596.1,CDS,3322077,3323213,+,ID=gene-MSMEG_RS15735;Name=MSMEG_RS15735;gbkey=Gene;gene_biotype=protein_coding;locus_tag=MSMEG_RS15735;old_locus_tag=MSMEG_3239,MSMEG_3239,MSMEG_3239,MSMEG_RS15735,protein_coding,3321162,3322022,3323213,3323869,FALSE,TRUE,ATCACCTTAAGCTGA,GCACACGGAAGGGGC,GTG,0.9151,10,FALSE,TRUE,-5.99388,7,MSMEG_3239,COG4585,T,T,Signal transduction mechanisms
NC_008596.1,CDS,3349525,3350397,+,ID=gene-MSMEG_RS15880;Name=MSMEG_RS15880;gbkey=Gene;gene_biotype=protein_coding;locus_tag=MSMEG_RS15880;old_locus_tag=MSMEG_3268,MSMEG_3268,MSMEG_3268,MSMEG_RS15880,protein_coding,3348569,3349522,3350397,3351506,FALSE,TRUE,CCGGGGCGGAGTCGT,TCGGGGCGGTGAAGG,ATG,-5.389565,5,TRUE,TRUE,-6.01653,10,MSMEG_3268,COG0395,G,G,Carbohydrate transport and metabolism
NC_008596.1,CDS,3352633,3354375,+,ID=gene-MSMEG_RS15895;Name=derK;gbkey=Gene;gene=derK;gene_biotype=protein_coding;locus_tag=MSMEG_RS15895;old_locus_tag=MSMEG_3271,derK,MSMEG_3271,derK,protein_coding,3351503,3352636,3354375,3354836,TRUE,TRUE,AGTCAGGGGAGCGGT,GTACCCAAGGAGAGA,ATG,-6.375515,6,TRUE,TRUE,-6.768055,9,MSMEG_3271,COG2376,G,G,Carbohydrate transport and metabolism
NC_008596.1,CDS,3537873,3539153,+,ID=gene-MSMEG_RS16865;Name=MSMEG_RS16865;gbkey=Gene;gene_biotype=protein_coding;locus_tag=MSMEG_RS16865;old_locus_tag=MSMEG_3471,MSMEG_3471,MSMEG_3471,MSMEG_RS16865,protein_coding,3536879,3537790,3539153,3540352,FALSE,TRUE,GTGGGAAGGAGCAAC,AAGGCCGCGAACTCG,ATG,-6.768055,10,TRUE,FALSE,-2.332995,17,MSMEG_3471,COG0807,H,H,Coenzyme transport and metabolism
NC_008596.1,CDS,3597069,3598112,+,ID=gene-MSMEG_RS17175;Name=speB;gbkey=Gene;gene=speB;gene_biotype=protein_coding;locus_tag=MSMEG_RS17175;old_locus_tag=MSMEG_3535,speB,MSMEG_3535,speB,protein_coding,3596576,3597016,3598192,3600066,FALSE,FALSE,ACGGCGGTAGTGTCT,ACGGGCGAGGAGGCA,ATG,-1.569835,12,FALSE,TRUE,-10.01615,8,MSMEG_3535,COG0010,E,E,Amino acid transport and metabolism
NC_008596.1,CDS,3654331,3655206,+,ID=gene-MSMEG_RS17435;Name=MSMEG_RS17435;gbkey=Gene;gene_biotype=protein_coding;locus_tag=MSMEG_RS17435;old_locus_tag=MSMEG_3590,MSMEG_3590,MSMEG_3590,MSMEG_RS17435,protein_coding,3654105,3654329,3655206,3655454,FALSE,TRUE,GACGTCTGCATGAGC,CCGGACTCCCGCTGA,ATG,-0.359835,6,FALSE,FALSE,-1.247805,15,MSMEG_3590,COG3662,S,S,Function unknown
NC_008596.1,CDS,3658215,3658883,+,ID=gene-MSMEG_RS17460;Name=MSMEG_RS17460;gbkey=Gene;gene_biotype=protein_coding;locus_tag=MSMEG_RS17460;old_locus_tag=MSMEG_3595,MSMEG_3595,MSMEG_3595,MSMEG_RS17460,protein_coding,3656839,3658068,3658883,3662089,FALSE,TRUE,CGGCAGAAAGGTGAG,TGATCGCGATCGAGT,TTG,-4.468055,6,TRUE,FALSE,-0.359835,6,MSMEG_3595,,,,Not in COG database
NC_008596.1,CDS,3686027,3686713,-,ID=gene-MSMEG_RS17585;Name=ureG;gbkey=Gene;gene=ureG;gene_biotype=protein_coding;locus_tag=MSMEG_RS17585;old_locus_tag=MSMEG_3623,ureG,MSMEG_3623,ureG,protein_coding,3686744,3687379,3685389,3686027,FALSE,TRUE,GCATCCCGAAAGGCT,CCGCGGCGCAGACGG,ATG,-2.332995,8,FALSE,FALSE,-0.872870000000002,5,MSMEG_3623,COG0378,O,O,"Posttranslational modification, protein turnover, chaperones"
NC_008596.1,CDS,3689113,3689424,-,ID=gene-MSMEG_RS17600;Name=MSMEG_RS17600;gbkey=Gene;gene_biotype=protein_coding;locus_tag=MSMEG_RS17600;old_locus_tag=MSMEG_3626,MSMEG_3626,MSMEG_3626,MSMEG_RS17600,protein_coding,3689452,3689754,3687380,3689113,FALSE,TRUE,CATGACGTCACGCGA,CAGGGAGGCTGGACG,GTG,1.77826,12,FALSE,TRUE,-8.39374,12,MSMEG_3626,COG0832,E,E,Amino acid transport and metabolism
NC_008596.1,CDS,3736700,3737035,+,ID=gene-MSMEG_RS17815;Name=MSMEG_RS17815;gbkey=Gene;gene_biotype=protein_coding;locus_tag=MSMEG_RS17815;old_locus_tag=MSMEG_3670,MSMEG_3670,MSMEG_3670,MSMEG_RS17815,protein_coding,3735585,3736673,3737035,3737358,FALSE,TRUE,CGTCCGCTAGGTTGT,AACGCGAGGCCCGAC,GTG,-3.82996,8,TRUE,TRUE,-3.60793,11,MSMEG_3670,COG2076,V,V,Defense mechanisms
NC_008596.1,CDS,3847685,3848755,-,ID=gene-MSMEG_RS18315;Name=pheS;gbkey=Gene;gene=pheS;gene_biotype=protein_coding;locus_tag=MSMEG_RS18315;old_locus_tag=MSMEG_3778,pheS,MSMEG_3778,pheS,protein_coding,3849549,3850331,3845187,3847685,FALSE,TRUE,GATCACCTATGATCG,CGTTCGGAGTCGGCG,GTG,1.80029,18,FALSE,TRUE,-3.756025,8,MSMEG_3778,COG0016,J,J,"Translation, ribosomal structure and biogenesis"
NC_008596.1,CDS,3855341,3856615,+,ID=gene-MSMEG_RS18355;Name=MSMEG_RS18355;gbkey=Gene;gene_biotype=protein_coding;locus_tag=MSMEG_RS18355;old_locus_tag=MSMEG_3786,MSMEG_3786,MSMEG_3786,MSMEG_RS18355,protein_coding,3851794,3853026,3856615,3858216,FALSE,TRUE,GACCGATTGTGACGG,TGATCCGCACCTACT,ATG,-0.872870000000002,5,FALSE,FALSE,2.00029,17,MSMEG_3786,COG3616,E,E,Amino acid transport and metabolism
NC_008596.1,CDS,4060590,4061819,+,ID=gene-MSMEG_RS19325;Name=MSMEG_RS19325;gbkey=Gene;gene_biotype=protein_coding;locus_tag=MSMEG_RS19325;old_locus_tag=MSMEG_3989,MSMEG_3989,MSMEG_3989,MSMEG_RS19325,protein_coding,4058087,4059460,4061819,4063096,FALSE,TRUE,CCAGTGAGAGGAAGC,CGACCCAGAAAGGCC,ATG,-4.40793,9,TRUE,FALSE,-2.332995,8,MSMEG_3989,COG1473,R,R,General function prediction only
NC_008596.1,CDS,4077270,4078223,+,ID=gene-MSMEG_RS19400;Name=MSMEG_RS19400;gbkey=Gene;gene_biotype=protein_coding;locus_tag=MSMEG_RS19400;old_locus_tag=MSMEG_4003,MSMEG_4003,MSMEG_4003,MSMEG_RS19400,protein_coding,4076191,4077273,4078223,4078969,TRUE,TRUE,TCCCGGATGGGAACG,CCCCTGGCGGTGGGC,GTG,-3.756025,9,TRUE,FALSE,-1.469835,9,MSMEG_4003,,,,Not in COG database
NC_008596.1,CDS,4084288,4085598,+,ID=gene-MSMEG_RS19440;Name=MSMEG_RS19440;gbkey=Gene;gene_biotype=protein_coding;locus_tag=MSMEG_RS19440;old_locus_tag=MSMEG_4011,MSMEG_4011,MSMEG_4011,MSMEG_RS19440,protein_coding,4083868,4084278,4085598,4087019,FALSE,TRUE,TCAGCACTAAGGATC,GTCAGAAGGTGGCGC,ATG,-4.40793,8,TRUE,TRUE,-3.82996,10,MSMEG_4011,COG2233,F,F,Nucleotide transport and metabolism
NC_008596.1,CDS,4119176,4120141,-,ID=gene-MSMEG_RS19605;Name=MSMEG_RS19605;gbkey=Gene;gene_biotype=protein_coding;locus_tag=MSMEG_RS19605;old_locus_tag=MSMEG_4047,MSMEG_4047,MSMEG_4047,MSMEG_RS19605,protein_coding,4120239,4121222,4118016,4119176,FALSE,TRUE,TAACCACGAAGGGAC,GCACGAAGTTGAGGT,ATG,-4.456165,8,TRUE,TRUE,-5.24147,5,MSMEG_4047,COG1237,R,R,General function prediction only
NC_008596.1,CDS,4133329,4133757,+,ID=gene-MSMEG_RS19660;Name=MSMEG_RS19660;gbkey=Gene;gene_biotype=protein_coding;locus_tag=MSMEG_RS19660;old_locus_tag=MSMEG_4061,MSMEG_4061,MSMEG_4061,MSMEG_RS19660,protein_coding,4131375,4132064,4133757,4135040,FALSE,TRUE,TGAAACAAGGACGAG,ATCGGCGCGCATCGA,GTG,-4.40793,10,TRUE,FALSE,0.827129999999999,15,MSMEG_4061,COG0251,V,V,Defense mechanisms
NC_008596.1,CDS,4159822,4161051,-,ID=gene-MSMEG_RS19765;Name=MSMEG_RS19765;gbkey=Gene;gene_biotype=protein_coding;locus_tag=MSMEG_RS19765;old_locus_tag=MSMEG_4084,MSMEG_4084,MSMEG_4084,MSMEG_RS19765,protein_coding,4161044,4162327,4158407,4159822,TRUE,TRUE,CTGACCGCGGAGAAA,CGCGAGGCTCGGCAT,ATG,-3.60793,8,TRUE,TRUE,-3.60793,13,MSMEG_4084,COG1960,I,I,Lipid transport and metabolism
NC_008596.1,CDS,4216742,4216960,-,ID=gene-MSMEG_RS20015;Name=MSMEG_RS20015;gbkey=Gene;gene_biotype=protein_coding;locus_tag=MSMEG_RS20015;old_locus_tag=MSMEG_4137,MSMEG_4137,MSMEG_4137,MSMEG_RS20015,protein_coding,4222396,4223022,4216158,4216742,FALSE,TRUE,GAACGATCAGGACAA,CCATGGTCGGTGGCC,ATG,-4.10793,9,TRUE,FALSE,-1.469835,13,MSMEG_4137,,,,Not in COG database
NC_008596.1,CDS,4241589,4242311,-,ID=gene-MSMEG_RS20140;Name=MSMEG_RS20140;gbkey=Gene;gene_biotype=protein_coding;locus_tag=MSMEG_RS20140;old_locus_tag=MSMEG_4163,MSMEG_4163,MSMEG_4163,MSMEG_RS20140,protein_coding,4242311,4243027,4240426,4241589,TRUE,TRUE,CCCACTCCAGGAGAC,GCGGATTGGATGCCC,ATG,-6.468055,8,TRUE,TRUE,-3.756025,11,MSMEG_4163,COG1028,I,I,Lipid transport and metabolism
NC_008596.1,CDS,4242311,4243027,-,ID=gene-MSMEG_RS20145;Name=MSMEG_RS20145;gbkey=Gene;gene_biotype=protein_coding;locus_tag=MSMEG_RS20145;old_locus_tag=MSMEG_4164,MSMEG_4164,MSMEG_4164,MSMEG_RS20145,protein_coding,4243036,4244478,4241589,4242311,FALSE,TRUE,ACACACTGTGACACA,CCCACTCCAGGAGAC,ATG,1.77826,11,FALSE,TRUE,-6.468055,8,MSMEG_4164,COG1024,I,I,Lipid transport and metabolism
NC_008596.1,CDS,4267841,4268728,-,ID=gene-MSMEG_RS20265;Name=MSMEG_RS20265;gbkey=Gene;gene_biotype=protein_coding;locus_tag=MSMEG_RS20265;old_locus_tag=MSMEG_4188,MSMEG_4188,MSMEG_4188,MSMEG_RS20265,protein_coding,4268754,4269992,4266384,4267841,FALSE,TRUE,GGGCGGTACGTTGGC,AGTCGATCGAGAAGC,ATG,-4.678815,13,TRUE,FALSE,-0.507930000000002,6,MSMEG_4188,COG4221,C,C,Energy production and conversion
NC_008596.1,CDS,4275571,4275840,+,ID=gene-MSMEG_RS20310;Name=MSMEG_RS20310;gbkey=Gene;gene_biotype=protein_coding;locus_tag=MSMEG_RS20310;old_locus_tag=MSMEG_4197,MSMEG_4197,MSMEG_4197,MSMEG_RS20310,protein_coding,4274534,4275574,4275840,4276901,TRUE,TRUE,CGGACGCGACGGTGG,CGGACCAACCGGCCC,ATG,-4.15299,7,TRUE,FALSE,-1.856025,8,MSMEG_4197,,,,Not in COG database
NC_008596.1,CDS,4292564,4293100,-,ID=gene-MSMEG_RS20370;Name=MSMEG_RS20370;gbkey=Gene;gene_biotype=protein_coding;locus_tag=MSMEG_RS20370;old_locus_tag=MSMEG_4209,MSMEG_4209,MSMEG_4209,MSMEG_RS20370,protein_coding,4293097,4294080,4291023,4292564,TRUE,TRUE,TGACCGATTTGGGGT,TTCTGGACGGGATTC,ATG,-4.467295,5,TRUE,TRUE,-3.756025,9,MSMEG_4209,,,,Not in COG database
NC_008596.1,CDS,4319171,4320151,-,ID=gene-MSMEG_RS20490;Name=rsmH;gbkey=Gene;gene=rsmH;gene_biotype=protein_coding;locus_tag=MSMEG_RS20490;old_locus_tag=MSMEG_4235,rsmH,MSMEG_4235,rsmH,protein_coding,4320309,4320740,4318029,4319171,FALSE,TRUE,CGTTGCGGAGGTGTG,TTGGGGGAAGGGGCA,GTG,-9.15299,8,TRUE,TRUE,-6.08185,13,MSMEG_4235,COG0275,J,J,"Translation, ribosomal structure and biogenesis"
NC_008596.1,CDS,4349701,4350594,-,ID=gene-MSMEG_RS20645;Name=MSMEG_RS20645;gbkey=Gene;gene_biotype=protein_coding;locus_tag=MSMEG_RS20645;old_locus_tag=MSMEG_4265,MSMEG_4265,MSMEG_4265,MSMEG_RS20645,protein_coding,4350770,4351189,4349138,4349701,FALSE,TRUE,TCGAGAAGGATAGGC,CGGCGCAGACTGCCT,ATG,-6.91615,7,TRUE,FALSE,0.827129999999999,17,MSMEG_4265,,,,Not in COG database
NC_008596.1,CDS,4399258,4399749,+,ID=gene-MSMEG_RS20865;Name=MSMEG_RS20865;gbkey=Gene;gene_biotype=protein_coding;locus_tag=MSMEG_RS20865;old_locus_tag=MSMEG_4309,MSMEG_4309,MSMEG_4309,MSMEG_RS20865,protein_coding,4398573,4399265,4399749,4400582,TRUE,TRUE,GCACTTCGCGGGGTG,CGAGAGGGATCGTGG,GTG,-5.13072,6,TRUE,TRUE,-6.141975,6,MSMEG_4309,COG0394,T,T,Signal transduction mechanisms
NC_008596.1,CDS,4460713,4461672,-,ID=gene-MSMEG_RS21160;Name=speB;gbkey=Gene;gene=speB;gene_biotype=protein_coding;locus_tag=MSMEG_RS21160;old_locus_tag=MSMEG_4374,speB,MSMEG_4374,speB,protein_coding,4461684,4462337,4459820,4460713,FALSE,TRUE,GCGTCTAGGAAAGGC,TCGGAAGGAAGGCCC,ATG,-6.71615,7,TRUE,TRUE,-6.11615,9,MSMEG_4374,COG0010,E,E,Amino acid transport and metabolism
NC_008596.1,CDS,4519702,4521636,-,ID=gene-MSMEG_RS21445;Name=MSMEG_RS21445;gbkey=Gene;gene_biotype=protein_coding;locus_tag=MSMEG_RS21445;old_locus_tag=MSMEG_4436,MSMEG_4436,MSMEG_4436,MSMEG_RS21445,protein_coding,4521629,4523380,4519067,4519702,TRUE,TRUE,CAGGCGAGGAGCCAT,ACGAGACGCTGACGG,TTG,-6.768055,10,TRUE,FALSE,-0.872870000000002,5,MSMEG_4436,COG0021,G,G,Carbohydrate transport and metabolism
NC_008596.1,CDS,4539385,4540344,+,ID=gene-MSMEG_RS21545;Name=speB;gbkey=Gene;gene=speB;gene_biotype=protein_coding;locus_tag=MSMEG_RS21545;old_locus_tag=MSMEG_4459,speB,MSMEG_4459,speB,protein_coding,4537835,4539388,4540344,4541966,TRUE,TRUE,ACACAGAGGAAGTTC,TCGGCCCCGACGAAG,ATG,-4.40793,11,TRUE,FALSE,0.1151,6,MSMEG_4459,COG0010,E,E,Amino acid transport and metabolism
NC_008596.1,CDS,4755030,4757345,+,ID=gene-MSMEG_RS22520;Name=MSMEG_RS22520;gbkey=Gene;gene_biotype=protein_coding;locus_tag=MSMEG_RS22520;old_locus_tag=MSMEG_4668,MSMEG_4668,MSMEG_4668,MSMEG_RS22520,protein_coding,4752923,4753960,4757345,4758169,FALSE,TRUE,CGCGGCTAGATTGGG,GCGAGGGAAGCGCGT,ATG,-2.410585,5,FALSE,TRUE,-5.04969,6,MSMEG_4668,COG0243,C,C,Energy production and conversion
NC_008596.1,CDS,4779339,4779743,+,ID=gene-MSMEG_RS22650;Name=MSMEG_RS22650;gbkey=Gene;gene_biotype=protein_coding;locus_tag=MSMEG_RS22650;old_locus_tag=MSMEG_4695,MSMEG_4695,MSMEG_4695,MSMEG_RS22650,protein_coding,4777394,4777744,4779743,4781281,FALSE,TRUE,CGGCCGCGGATCAGG,TGGTGAACTCGGCGT,ATG,-5.056025,5,TRUE,FALSE,-1.469835,16,MSMEG_4695,COG2346,P,P,Inorganic ion transport and metabolism
NC_008596.1,CDS,4804593,4805081,-,ID=gene-MSMEG_RS22745;Name=MSMEG_RS22745;gbkey=Gene;gene_biotype=protein_coding;locus_tag=MSMEG_RS22745;old_locus_tag=MSMEG_4714,MSMEG_4714,MSMEG_4714,MSMEG_RS22745,protein_coding,4805090,4806253,4803784,4804593,FALSE,TRUE,TCGGTCTGTGACGGA,GTCCGGAAGGAGAGG,GTG,-1.469835,15,FALSE,TRUE,-8.61615,6,MSMEG_4714,COG2030,I,I,Lipid transport and metabolism
NC_008596.1,CDS,4865897,4866736,+,ID=gene-MSMEG_RS22955;Name=MSMEG_RS22955;gbkey=Gene;gene_biotype=protein_coding;locus_tag=MSMEG_RS22955;old_locus_tag=MSMEG_4763,MSMEG_4763,MSMEG_4763,MSMEG_RS22955,protein_coding,4864728,4865918,4866736,4867536,TRUE,TRUE,ACAGCGAGTGGGTCG,GTGCACTGGAGAACG,GTG,-3.00755,7,FALSE,TRUE,-5.056025,5,MSMEG_4763,COG1176,E,E,Amino acid transport and metabolism
NC_008596.1,CDS,4886830,4888230,-,ID=gene-MSMEG_RS23065;Name=MSMEG_RS23065;gbkey=Gene;gene_biotype=protein_coding;locus_tag=MSMEG_RS23065;old_locus_tag=MSMEG_4786,MSMEG_4786,MSMEG_4786,MSMEG_RS23065,protein_coding,4888227,4889687,4885100,4886830,TRUE,TRUE,CGGAAGGGACACCAC,CGACAGGGGGTGGCG,ATG,-4.456165,13,TRUE,TRUE,-11.23894,10,MSMEG_4786,COG1463,M,M,Cell wall/membrane/envelope biogenesis
NC_008596.1,CDS,4907734,4908876,+,ID=gene-MSMEG_RS23170;Name=MSMEG_RS23170;gbkey=Gene;gene_biotype=protein_coding;locus_tag=MSMEG_RS23170;old_locus_tag=MSMEG_4808,MSMEG_4808,MSMEG_4808,MSMEG_RS23170,protein_coding,4906595,4907713,4908876,4909268,FALSE,TRUE,GGTAGCCGAGGGAGC,GACAGGTACGGGTGT,ATG,-5.145645,6,TRUE,TRUE,-7.73894,8,MSMEG_4808,COG2159,G,G,Carbohydrate transport and metabolism
NC_008596.1,CDS,4913911,4914807,+,ID=gene-MSMEG_RS23205;Name=MSMEG_RS23205;gbkey=Gene;gene_biotype=protein_coding;locus_tag=MSMEG_RS23205;old_locus_tag=MSMEG_4815,MSMEG_4815,MSMEG_4815,MSMEG_RS23205,protein_coding,4912253,4913908,4914807,4915625,FALSE,TRUE,TGCGGAGAGACGACT,TGGAAGTGGAGGCAG,GTG,-3.60793,13,TRUE,TRUE,-6.856025,8,MSMEG_4815,COG2267,I,I,Lipid transport and metabolism
NC_008596.1,CDS,4914807,4915625,+,ID=gene-MSMEG_RS23210;Name=MSMEG_RS23210;gbkey=Gene;gene_biotype=protein_coding;locus_tag=MSMEG_RS23210;old_locus_tag=MSMEG_4816,MSMEG_4816,MSMEG_4816,MSMEG_RS23210,protein_coding,4913911,4914807,4915625,4916416,TRUE,TRUE,TGGAAGTGGAGGCAG,TCATGAACGTCCCGC,ATG,-6.856025,8,TRUE,FALSE,1.77826,10,MSMEG_4816,COG2084,I,I,Lipid transport and metabolism
NC_008596.1,CDS,4916557,4917759,+,ID=gene-MSMEG_RS23220;Name=MSMEG_RS23220;gbkey=Gene;gene_biotype=protein_coding;locus_tag=MSMEG_RS23220;old_locus_tag=MSMEG_4818,MSMEG_4818,MSMEG_4818,MSMEG_RS23220,protein_coding,4915625,4916416,4917759,4917959,FALSE,TRUE,CGCCGCGGAGGAGGA,CGGTGAAGGTGTTGC,ATG,-10.01615,7,TRUE,TRUE,-3.82996,10,MSMEG_4818,COG2124,QV,Q,"Secondary metabolites biosynthesis, transport and catabolism"
NC_008596.1,CDS,4921789,4922448,+,ID=gene-MSMEG_RS23255;Name=MSMEG_RS23255;gbkey=Gene;gene_biotype=protein_coding;locus_tag=MSMEG_RS23255;old_locus_tag=MSMEG_4825,MSMEG_4825,MSMEG_4825,MSMEG_RS23255,protein_coding,4920923,4921702,4922448,4923749,FALSE,TRUE,TGCGCGGTACGGTGC,CCGGACGAAGGAGAC,GTG,-1.569835,12,FALSE,TRUE,-6.768055,8,MSMEG_4825,COG1309,K,K,Transcription
NC_008596.1,CDS,5017466,5018140,-,ID=gene-MSMEG_RS23730;Name=nucS;gbkey=Gene;gene=nucS;gene_biotype=protein_coding;locus_tag=MSMEG_RS23730;old_locus_tag=MSMEG_4923,nucS,MSMEG_4923,nucS,protein_coding,5022827,5023528,5017167,5017466,FALSE,TRUE,TGCCTTTAAGGTGGA,ACGAGTACCGGCTCT,GTG,-3.82996,8,TRUE,FALSE,-0.359835,15,MSMEG_4923,COG1637,L,L,"Replication, recombination and repair"
NC_008596.1,CDS,5068972,5069496,-,ID=gene-MSMEG_RS23970;Name=MSMEG_RS23970;gbkey=Gene;gene_biotype=protein_coding;locus_tag=MSMEG_RS23970;old_locus_tag=MSMEG_4972,MSMEG_4972,MSMEG_4972,MSMEG_RS23970,protein_coding,5069936,5070406,5067953,5068972,FALSE,TRUE,ACCCTGCAGGATGGG,TCGGAAAGGCGGTGC,ATG,-8.31615,6,TRUE,TRUE,-4.35299,7,MSMEG_4972,COG1670,JO,J,"Translation, ribosomal structure and biogenesis"
NC_008596.1,CDS,5074346,5075281,-,ID=gene-MSMEG_RS24005;Name=cysD;gbkey=Gene;gene=cysD;gene_biotype=protein_coding;locus_tag=MSMEG_RS24005;old_locus_tag=MSMEG_4979,cysD,MSMEG_4979,cysD,protein_coding,5075384,5076751,5072493,5074346,FALSE,TRUE,CAACTTAATGGGGAA,AGCGCGAGGGGTATT,ATG,-2.833755,7,FALSE,TRUE,-7.32615000000001,8,MSMEG_4979,COG0175,EH,E,Amino acid transport and metabolism
NC_008596.1,CDS,5132901,5134121,+,ID=gene-MSMEG_RS24295;Name=MSMEG_RS24295;gbkey=Gene;gene_biotype=protein_coding;locus_tag=MSMEG_RS24295;old_locus_tag=MSMEG_5038,MSMEG_5038,MSMEG_5038,MSMEG_RS24295,protein_coding,5130603,5131970,5134121,5134708,FALSE,TRUE,TGTGTCATACGAATA,CGTTCCGAGCCGGTG,ATG,1.77826,17,FALSE,FALSE,-2.404895,6,MSMEG_5038,COG2124,QV,Q,"Secondary metabolites biosynthesis, transport and catabolism"
NC_008596.1,CDS,5160948,5161865,-,ID=gene-MSMEG_RS24405;Name=MSMEG_RS24405;gbkey=Gene;gene_biotype=protein_coding;locus_tag=MSMEG_RS24405;old_locus_tag=MSMEG_5060,MSMEG_5060,MSMEG_5060,MSMEG_RS24405,protein_coding,5161862,5163259,5160112,5160948,TRUE,TRUE,ACGGTAAGGGGCTGA,CCGACGAGGAGGTCC,GTG,-6.141975,7,TRUE,TRUE,-12.313115,8,MSMEG_5060,COG1175,G,G,Carbohydrate transport and metabolism
NC_008596.1,CDS,5238618,5239256,-,ID=gene-MSMEG_RS24775;Name=narJ;gbkey=Gene;gene=narJ;gene_biotype=protein_coding;locus_tag=MSMEG_RS24775;old_locus_tag=MSMEG_5138,narJ,MSMEG_5138,narJ,protein_coding,5239253,5240899,5237887,5238618,TRUE,TRUE,TGTTCCCCGAGGACT,GGGCACAGGGAGGTG,GTG,-4.40793,8,TRUE,TRUE,-10.690705,6,MSMEG_5138,COG2180,CPO,C,Energy production and conversion
NC_008596.1,CDS,5368214,5369260,+,ID=gene-MSMEG_RS25435;Name=MSMEG_RS25435;gbkey=Gene;gene_biotype=protein_coding;locus_tag=MSMEG_RS25435;old_locus_tag=MSMEG_5276,MSMEG_5276,MSMEG_5276,MSMEG_RS25435,protein_coding,5365924,5367126,5369260,5370036,FALSE,TRUE,ATCGAACTACATTGC,AGTTCGAGAAGGAGA,GTG,2.00029,15,FALSE,TRUE,-6.768055,7,MSMEG_5276,COG1024,I,I,Lipid transport and metabolism
NC_008596.1,CDS,5468304,5468513,+,ID=gene-MSMEG_RS25975;Name=MSMEG_RS25975;gbkey=Gene;gene_biotype=protein_coding;locus_tag=MSMEG_RS25975;old_locus_tag=MSMEG_5391,MSMEG_5391,MSMEG_5391,MSMEG_RS25975,protein_coding,5466991,5467392,5468513,5470183,FALSE,TRUE,TCCTGAACTGGGCAG,TCTTCCCGGAGAGGT,TTG,-2.045645,5,FALSE,TRUE,-5.389565,5,MSMEG_5391,,,,Not in COG database
NC_008596.1,CDS,5468513,5470183,+,ID=gene-MSMEG_RS25980;Name=kdpA;gbkey=Gene;gene=kdpA;gene_biotype=protein_coding;locus_tag=MSMEG_RS25980;old_locus_tag=MSMEG_5392,kdpA,MSMEG_5392,kdpA,protein_coding,5468304,5468513,5470183,5472330,TRUE,TRUE,TCTTCCCGGAGAGGT,TCGCCGAAGGAATTC,GTG,-5.389565,5,TRUE,TRUE,-4.40793,10,MSMEG_5392,COG2060,P,P,Inorganic ion transport and metabolism
NC_008596.1,CDS,5577270,5578430,+,ID=gene-MSMEG_RS26470;Name=MSMEG_RS26470;gbkey=Gene;gene_biotype=protein_coding;locus_tag=MSMEG_RS26470;old_locus_tag=MSMEG_5494,MSMEG_5494,MSMEG_5494,MSMEG_RS26470,protein_coding,5575327,5577273,5578430,5579197,TRUE,TRUE,ATCCCGAAGGAGAAC,GACTCCCGCGCTCAT,ATG,-6.768055,9,TRUE,FALSE,1.80029,18,MSMEG_5494,COG1960,I,I,Lipid transport and metabolism
NC_008596.1,CDS,5661109,5662071,-,ID=gene-MSMEG_RS26860;Name=MSMEG_RS26860;gbkey=Gene;gene_biotype=protein_coding;locus_tag=MSMEG_RS26860;old_locus_tag=MSMEG_5573,MSMEG_5573,MSMEG_5573,MSMEG_RS26860,protein_coding,5662068,5663411,5660234,5661109,TRUE,TRUE,GAAGCTACCAGGAGA,GTGCACAGGAGGCGG,ATG,-6.468055,7,TRUE,TRUE,-9.71615,9,MSMEG_5573,COG1175,G,G,Carbohydrate transport and metabolism
NC_008596.1,CDS,5694705,5696228,+,ID=gene-MSMEG_RS27030;Name=MSMEG_RS27030;gbkey=Gene;gene_biotype=protein_coding;locus_tag=MSMEG_RS27030;old_locus_tag=MSMEG_5609,MSMEG_5609,MSMEG_5609,MSMEG_RS27030,protein_coding,5693487,5694701,5696228,5697178,FALSE,TRUE,AGCAGGCAAGGAGTA,CGGCCGCGATCGGCA,ATG,-6.768055,8,TRUE,FALSE,0.827129999999999,17,MSMEG_5609,COG3670,Q,Q,"Secondary metabolites biosynthesis, transport and catabolism"
NC_008596.1,CDS,5745996,5747351,-,ID=gene-MSMEG_RS27260;Name=hisD;gbkey=Gene;gene=hisD;gene_biotype=protein_coding;locus_tag=MSMEG_RS27260;old_locus_tag=MSMEG_5656,hisD,MSMEG_5656,hisD,protein_coding,5747436,5748392,5745137,5745982,FALSE,FALSE,TCGGCCTACCGTCGC,CGATGACGGGTACGG,ATG,0.827129999999999,16,FALSE,TRUE,-4.28185,5,MSMEG_5656,COG0141,E,E,Amino acid transport and metabolism
NC_008596.1,CDS,5827940,5828140,-,ID=gene-MSMEG_RS27695;Name=MSMEG_RS27695;gbkey=Gene;gene_biotype=protein_coding;locus_tag=MSMEG_RS27695;old_locus_tag=MSMEG_5745,MSMEG_5745,MSMEG_5745,MSMEG_RS27695,protein_coding,5828137,5828853,5827650,5827940,TRUE,TRUE,TCACGAGCCTGGGGC,CCGTGACAGAGCCAC,ATG,-2.833755,6,FALSE,FALSE,-0.359835,9,MSMEG_5745,,,,Not in COG database
NC_008596.1,CDS,5830537,5830830,-,ID=gene-MSMEG_RS27720;Name=MSMEG_RS27720;gbkey=Gene;gene_biotype=protein_coding;locus_tag=MSMEG_RS27720;old_locus_tag=MSMEG_5751,MSMEG_5751,MSMEG_5751,MSMEG_RS27720,protein_coding,5832107,5832610,5830307,5830537,FALSE,TRUE,GAAGTTTGAGGCCTA,TCCTGAAGGTGTGGA,ATG,-3.60793,9,TRUE,TRUE,-3.82996,10,MSMEG_5751,,,,Not in COG database
NC_008596.1,CDS,5896604,5897635,+,ID=gene-MSMEG_RS28090;Name=MSMEG_RS28090;gbkey=Gene;gene_biotype=protein_coding;locus_tag=MSMEG_RS28090;old_locus_tag=MSMEG_5829,MSMEG_5829,MSMEG_5829,MSMEG_RS28090,protein_coding,5893122,5894912,5897635,5898432,FALSE,TRUE,GCCGCGTTAGGGTCC,GCCTGAAAGGAACCC,GTG,-4.578055,6,TRUE,TRUE,-4.40793,10,MSMEG_5829,COG2837,P,P,Inorganic ion transport and metabolism
NC_008596.1,CDS,5953462,5954094,-,ID=gene-MSMEG_RS28410;Name=MSMEG_RS28410;gbkey=Gene;gene_biotype=protein_coding;locus_tag=MSMEG_RS28410;old_locus_tag=MSMEG_5894,MSMEG_5894,MSMEG_5894,MSMEG_RS28410,protein_coding,5954163,5955857,5952977,5953462,FALSE,TRUE,GTCACGCCCGGCGGG,ACCCGGACGGGGGTA,GTG,-2.410585,5,FALSE,TRUE,-8.478815,6,MSMEG_5894,,,,Not in COG database
NC_008596.1,CDS,5981856,5982929,+,ID=gene-MSMEG_RS28545;Name=MSMEG_RS28545;gbkey=Gene;gene_biotype=protein_coding;locus_tag=MSMEG_RS28545;old_locus_tag=MSMEG_5922,MSMEG_5922,MSMEG_5922,MSMEG_RS28545,protein_coding,5980842,5981846,5982929,5984107,FALSE,TRUE,CCACCTGTAAAGGGA,TCTTGGAAGGGAAGA,ATG,-4.456165,7,TRUE,TRUE,-4.456165,10,MSMEG_5922,COG0183,I,I,Lipid transport and metabolism
NC_008596.1,CDS,5985003,5986154,+,ID=gene-MSMEG_RS28560;Name=MSMEG_RS28560;gbkey=Gene;gene_biotype=protein_coding;locus_tag=MSMEG_RS28560;old_locus_tag=MSMEG_5925,MSMEG_5925,MSMEG_5925,MSMEG_RS28560,protein_coding,5984266,5984898,5986154,5986630,FALSE,TRUE,GCAACGGACTGGAGG,AGGCGGAGCAGTCGA,ATG,-8.556025,5,TRUE,TRUE,-6.05299,8,MSMEG_5925,COG4638,PR,P,Inorganic ion transport and metabolism
NC_008596.1,CDS,5988156,5988833,-,ID=gene-MSMEG_RS28575;Name=MSMEG_RS28575;gbkey=Gene;gene_biotype=protein_coding;locus_tag=MSMEG_RS28575;old_locus_tag=MSMEG_5928,MSMEG_5928,MSMEG_5928,MSMEG_RS28575,protein_coding,5988883,5989782,5986627,5988156,FALSE,TRUE,CGTTCGATCAGGAGT,ACGACCAGACCGACA,GTG,-6.468055,7,TRUE,FALSE,1.2151,13,MSMEG_5928,,,,Not in COG database
NC_008596.1,CDS,6023439,6024086,-,ID=gene-MSMEG_RS28740;Name=MSMEG_RS28740;gbkey=Gene;gene_biotype=protein_coding;locus_tag=MSMEG_RS28740;old_locus_tag=MSMEG_5962,MSMEG_5962,MSMEG_5962,MSMEG_RS28740,protein_coding,6024203,6026290,6022498,6023439,FALSE,TRUE,GCGCGCATCGGGGTG,TCAAGCGTTGGAGGG,ATC,-5.13072,6,TRUE,TRUE,-6.856025,6,MSMEG_5962,COG0726,GM,G,Carbohydrate transport and metabolism
NC_008596.1,CDS,6049806,6050765,-,ID=gene-MSMEG_RS28850;Name=MSMEG_RS28850;gbkey=Gene;gene_biotype=protein_coding;locus_tag=MSMEG_RS28850;old_locus_tag=MSMEG_5985,MSMEG_5985,MSMEG_5985,MSMEG_RS28850,protein_coding,6050802,6052589,6048253,6049806,FALSE,TRUE,TGCAGGAAGACGCAG,TGATAGCGGCGGGTG,ATG,-4.11615,6,TRUE,FALSE,-3.00755,6,MSMEG_5985,COG0451,M,M,Cell wall/membrane/envelope biogenesis
NC_008596.1,CDS,6060080,6061084,-,ID=gene-MSMEG_RS28895;Name=MSMEG_RS28895;gbkey=Gene;gene_biotype=protein_coding;locus_tag=MSMEG_RS28895;old_locus_tag=MSMEG_5994,MSMEG_5994,MSMEG_5994,MSMEG_RS28895,protein_coding,6061103,6062386,6058917,6060080,FALSE,TRUE,ACAAACGGAGGTGCA,TCGACCTGGTGGGAG,GTG,-9.15299,8,TRUE,TRUE,-5.945645,5,MSMEG_5994,COG1960,I,I,Lipid transport and metabolism
NC_008596.1,CDS,6113341,6114120,-,ID=gene-MSMEG_RS29150;Name=MSMEG_RS29150;gbkey=Gene;gene_biotype=protein_coding;locus_tag=MSMEG_RS29150;old_locus_tag=MSMEG_6046,MSMEG_6046,MSMEG_6046,MSMEG_RS29150,protein_coding,6114107,6115114,6112469,6113341,TRUE,TRUE,GCACTGGCCAAGGCG,TGTACATGAGGAGCG,GTG,-2.332995,8,FALSE,TRUE,-7.81615,6,MSMEG_6046,COG1120,PH,P,Inorganic ion transport and metabolism
NC_008596.1,CDS,6133000,6133305,-,ID=gene-MSMEG_RS29255;Name=rpsN;gbkey=Gene;gene=rpsN;gene_biotype=protein_coding;locus_tag=MSMEG_RS29255;old_locus_tag=MSMEG_6066,rpsN,MSMEG_6066,rpsN,protein_coding,6133305,6133469,6132746,6133000,TRUE,TRUE,AGTTCCGCGAGGAAC,TGCGGAAGGCGAGTT,ATG,-4.40793,8,TRUE,TRUE,-3.668055,8,MSMEG_6066,COG0199,J,J,"Translation, ribosomal structure and biogenesis"
NC_008596.1,CDS,6133305,6133469,-,ID=gene-MSMEG_RS29260;Name=rpmG;gbkey=Gene;gene=rpmG;gene_biotype=protein_coding;locus_tag=MSMEG_RS29260;old_locus_tag=MSMEG_6067,rpmG,MSMEG_6067,rpmG,protein_coding,6133469,6133705,6133000,6133305,TRUE,TRUE,CACGGGGGGAGAAGG,AGTTCCGCGAGGAAC,ATG,-7.619565,11,TRUE,TRUE,-4.40793,8,MSMEG_6067,COG0267,J,J,"Translation, ribosomal structure and biogenesis"
NC_008596.1,CDS,6133469,6133705,-,ID=gene-MSMEG_RS29265;Name=rpmB;gbkey=Gene;gene=rpmB;gene_biotype=protein_coding;locus_tag=MSMEG_RS29265;old_locus_tag=MSMEG_6068,rpmB,MSMEG_6068,rpmB,protein_coding,6137444,6138388,6133305,6133469,FALSE,TRUE,GCACGACGAAGGAGA,CACGGGGGGAGAAGG,ATG,-6.768055,7,TRUE,TRUE,-7.619565,11,MSMEG_6068,COG0227,J,J,"Translation, ribosomal structure and biogenesis"
NC_008596.1,CDS,6138388,6139776,-,ID=gene-MSMEG_RS29295;Name=MSMEG_RS29295;gbkey=Gene;gene_biotype=protein_coding;locus_tag=MSMEG_RS29295;old_locus_tag=MSMEG_6074,MSMEG_6074,MSMEG_6074,MSMEG_RS29295,protein_coding,6139851,6140342,6137444,6138388,FALSE,TRUE,GTCGGGCCCTGAGCT,TGATAGAGCGGGACA,TTG,-1.29604,14,FALSE,FALSE,-2.78552,7,MSMEG_6074,COG0215,J,J,"Translation, ribosomal structure and biogenesis"
NC_008596.1,CDS,6164065,6164601,-,ID=gene-MSMEG_RS29430;Name=folK;gbkey=Gene;gene=folK;gene_biotype=protein_coding;locus_tag=MSMEG_RS29430;old_locus_tag=MSMEG_6101,folK,MSMEG_6101,folK,protein_coding,6164598,6164969,6163589,6164065,TRUE,TRUE,GATCGCGGAGAGGTG,CCGAAACCGCAGCCG,ATG,-6.05299,6,TRUE,FALSE,1.2151,9,MSMEG_6101,COG0801,H,H,Coenzyme transport and metabolism
NC_008596.1,CDS,6169924,6171114,+,ID=gene-MSMEG_RS29460;Name=MSMEG_RS29460;gbkey=Gene;gene_biotype=protein_coding;locus_tag=MSMEG_RS29460;old_locus_tag=MSMEG_6107,MSMEG_6107,MSMEG_6107,MSMEG_RS29460,protein_coding,6168956,6169927,6171114,6172130,TRUE,TRUE,TGCACGGGCTGGAGT,CCGCGGAGAACGAGA,GTG,-3.60793,6,TRUE,TRUE,-3.60793,12,MSMEG_6107,COG2141,HR,H,Coenzyme transport and metabolism
NC_008596.1,CDS,6251411,6251920,+,ID=gene-MSMEG_RS29825;Name=MSMEG_RS29825;gbkey=Gene;gene_biotype=protein_coding;locus_tag=MSMEG_RS29825;old_locus_tag=MSMEG_6182,MSMEG_6182,MSMEG_6182,MSMEG_RS29825,protein_coding,6248539,6250494,6251920,6252870,FALSE,TRUE,ATCCGGGGAGGATGT,CTGATCCGTCCGGCT,GTG,-8.39374,9,TRUE,FALSE,0.827129999999999,7,MSMEG_6182,COG5393,S,S,Function unknown
NC_008596.1,CDS,6254050,6254838,-,ID=gene-MSMEG_RS29840;Name=MSMEG_RS29840;gbkey=Gene;gene_biotype=protein_coding;locus_tag=MSMEG_RS29840;old_locus_tag=MSMEG_6185,MSMEG_6185,MSMEG_6185,MSMEG_RS29840,protein_coding,6254850,6255497,6252860,6254050,FALSE,TRUE,GCCGATAGGAGCACC,ATCGTGGAACTGGAA,GTG,-6.568055,10,TRUE,FALSE,-3.356025,7,MSMEG_6185,COG1051,F,F,Nucleotide transport and metabolism
NC_008596.1,CDS,6282392,6283315,+,ID=gene-MSMEG_RS29995;Name=MSMEG_RS29995;gbkey=Gene;gene_biotype=protein_coding;locus_tag=MSMEG_RS29995;old_locus_tag=MSMEG_6219,MSMEG_6219,MSMEG_6219,MSMEG_RS29995,protein_coding,6281241,6282347,6283315,6284637,FALSE,TRUE,CGACACCGCACGCAA,CCGTGCCGGTTCCGC,TTG,2.00029,17,FALSE,FALSE,-1.469835,10,MSMEG_6219,COG0714,R,R,General function prediction only
NC_008596.1,CDS,6314259,6315545,-,ID=gene-MSMEG_RS30145;Name=MSMEG_RS30145;gbkey=Gene;gene_biotype=protein_coding;locus_tag=MSMEG_RS30145;old_locus_tag=MSMEG_6249,MSMEG_6249,MSMEG_6249,MSMEG_RS30145,protein_coding,6315542,6316813,6313576,6314259,TRUE,TRUE,AACTGGCGAAAGGTG,GCCTGGCCTGGGACG,TTG,-3.82996,6,TRUE,FALSE,-2.78552,7,MSMEG_6249,COG1262,O,O,"Posttranslational modification, protein turnover, chaperones"
NC_008596.1,CDS,6327191,6327886,+,ID=gene-MSMEG_RS30210;Name=MSMEG_RS30210;gbkey=Gene;gene_biotype=protein_coding;locus_tag=MSMEG_RS30210;old_locus_tag=MSMEG_6262,MSMEG_6262,MSMEG_6262,MSMEG_RS30210,protein_coding,6326334,6327203,6327886,6329226,TRUE,TRUE,AACCGGAGGTTGTTT,ACAATGCGAGCGCCT,ATG,-9.15299,10,TRUE,FALSE,-0.359835,10,MSMEG_6262,COG0070,E,E,Amino acid transport and metabolism
NC_008596.1,CDS,6363136,6364671,+,ID=gene-MSMEG_RS30380;Name=MSMEG_RS30380;gbkey=Gene;gene_biotype=protein_coding;locus_tag=MSMEG_RS30380;old_locus_tag=MSMEG_6297,MSMEG_6297,MSMEG_6297,MSMEG_RS30380,protein_coding,6362009,6363139,6364671,6365567,TRUE,TRUE,TGCCGCAGGAGACCC,CGAACTGGTACGCCG,ATG,-6.468055,10,TRUE,FALSE,-1.569835,11,MSMEG_6297,COG1012,I,I,Lipid transport and metabolism
NC_008596.1,CDS,6368286,6369341,-,ID=gene-MSMEG_RS30405;Name=MSMEG_RS30405;gbkey=Gene;gene_biotype=protein_coding;locus_tag=MSMEG_RS30405;old_locus_tag=MSMEG_6302,MSMEG_6302,MSMEG_6302,MSMEG_RS30405,protein_coding,6370453,6371715,6367237,6368286,FALSE,TRUE,CCGTCCCGAGGAGGT,ACGTGCTGGAGGAAC,ATG,-11.64969,6,TRUE,TRUE,-6.856025,8,MSMEG_6302,COG1793,L,L,"Replication, recombination and repair"
NC_008596.1,CDS,6398149,6399255,-,ID=gene-MSMEG_RS30555;Name=MSMEG_RS30555;gbkey=Gene;gene_biotype=protein_coding;locus_tag=MSMEG_RS30555;old_locus_tag=MSMEG_6333,MSMEG_6333,MSMEG_6333,MSMEG_RS30555,protein_coding,6400727,6401740,6397505,6398149,FALSE,TRUE,ACCGGATGAGCGGGG,GACAGATCCCCGAAC,ATG,-4.533755,5,TRUE,FALSE,1.2151,16,MSMEG_6333,COG1125,E,E,Amino acid transport and metabolism
NC_008596.1,CDS,6611464,6612174,-,ID=gene-MSMEG_RS31610;Name=MSMEG_RS31610;gbkey=Gene;gene_biotype=protein_coding;locus_tag=MSMEG_RS31610;old_locus_tag=MSMEG_6555,MSMEG_6555,MSMEG_6555,MSMEG_RS31610,protein_coding,6613539,6614441,6608882,6611464,FALSE,TRUE,ACTTTCCTCGAAGGC,ATACGGGAGAGGACC,ATG,-2.332995,7,FALSE,TRUE,-5.29374,8,MSMEG_6555,,,,Not in COG database
NC_008596.1,CDS,6810183,6811019,-,ID=gene-MSMEG_RS32615;Name=MSMEG_RS32615;gbkey=Gene;gene_biotype=protein_coding;locus_tag=MSMEG_RS32615;old_locus_tag=MSMEG_6766,MSMEG_6766,MSMEG_6766,MSMEG_RS32615,protein_coding,6811016,6816490,6809341,6810183,TRUE,TRUE,AAGCGGGAGGGGCGA,ACCTGATCGGCCGGA,GTG,-8.39374,10,TRUE,FALSE,-1.347805,5,MSMEG_6766,COG1131,V,V,Defense mechanisms
NC_008596.1,CDS,6905010,6906443,-,ID=gene-MSMEG_RS33050;Name=MSMEG_RS33050;gbkey=Gene;gene_biotype=protein_coding;locus_tag=MSMEG_RS33050;old_locus_tag=MSMEG_6856,MSMEG_6856,MSMEG_6856,MSMEG_RS33050,protein_coding,6907277,6908395,6904120,6905010,FALSE,TRUE,GCGCCACCGGATCTC,TGGGAAGGGTTCTGG,ATG,-1.247805,9,FALSE,TRUE,-7.590705,10,MSMEG_6856,COG2079,G,G,Carbohydrate transport and metabolism
NC_008596.1,CDS,6915353,6916180,+,ID=gene-MSMEG_RS33105;Name=MSMEG_RS33105;gbkey=Gene;gene_biotype=protein_coding;locus_tag=MSMEG_RS33105;old_locus_tag=MSMEG_6867,MSMEG_6867,MSMEG_6867,MSMEG_RS33105,protein_coding,6914358,6915356,6916180,6916989,TRUE,TRUE,CGAGAGTGAGGCTCG,ACCCGAGGACATACC,ATG,-3.60793,9,TRUE,TRUE,-4.40793,12,MSMEG_6867,COG1173,EP,E,Amino acid transport and metabolism
NC_008596.1,CDS,6927790,6928701,-,ID=gene-MSMEG_RS33170;Name=MSMEG_RS33170;gbkey=Gene;gene_biotype=protein_coding;locus_tag=MSMEG_RS33170;old_locus_tag=MSMEG_6879,MSMEG_6879,MSMEG_6879,MSMEG_RS33170,protein_coding,6928729,6929985,6926816,6927790,FALSE,TRUE,CGGCGGTCACCGCTC,AGAGAAAGCAGGCTG,GTG,-1.469835,13,FALSE,FALSE,-2.032995,9,MSMEG_6879,COG0559,E,E,Amino acid transport and metabolism
NC_008596.1,CDS,6953922,6955694,+,ID=gene-MSMEG_RS33310;Name=MSMEG_RS33310;gbkey=Gene;gene_biotype=protein_coding;locus_tag=MSMEG_RS33310;old_locus_tag=MSMEG_6909,MSMEG_6909,MSMEG_6909,MSMEG_RS33310,protein_coding,6953210,6953875,6955694,6956431,FALSE,TRUE,TCGCATTAGGTTGCT,CCACCCAGGAGATGA,ATG,-3.82996,9,TRUE,TRUE,-6.61615,7,MSMEG_6909,COG0765,E,E,Amino acid transport and metabolism
