seqid,type,start,end,strand,attributes,locus_name,gene_biotype,prev_start,prev_end,next_start,next_end,overlap_prev,overlap_next,seq_upstream,has_RBS,seq_next_upstream,next_has_RBS,start_codon,n_overlap_prev,n_overlap_next,seq_overlap_prev,seq_overlap_next,group,frame
NZ_CP076401.1,CDS,76958,77671,+,ID=gene-KNZ77_RS00525;Dbxref=GeneID:66352543;Name=ispD;gbkey=Gene;gene=ispD;gene_biotype=protein_coding;locus_tag=KNZ77_RS00525;old_locus_tag=KNZ77_00525,ispD,protein_coding,75752,76684,77668,78153,FALSE,TRUE,YRRRRYRYRRRRYRR,FALSE,RYRRYRRRRRRRRRR,TRUE,ATG,,4,,ATGA,5,1
NZ_CP076401.1,CDS,159166,160005,+,ID=gene-KNZ77_RS01095;Dbxref=GeneID:66352657;Name=cdaA;gbkey=Gene;gene=cdaA;gene_biotype=protein_coding;locus_tag=KNZ77_RS01095;old_locus_tag=KNZ77_01095,cdaA,protein_coding,158109,158182,160002,161183,FALSE,TRUE,YRRRYRRRRRRRYRR,TRUE,YYRRRRRYRRYRYRY,TRUE,GTG,,4,,ATGA,8,1
NZ_CP076401.1,CDS,222360,223043,+,ID=gene-KNZ77_RS01365;Dbxref=GeneID:66352711;Name=KNZ77_RS01365;gbkey=Gene;gene_biotype=protein_coding;locus_tag=KNZ77_RS01365;old_locus_tag=KNZ77_01365,KNZ77_RS01365,protein_coding,221048,222289,223040,225373,FALSE,TRUE,YRRRRRRRRRRYRRR,TRUE,RYYYRRRRRYRRRYR,TRUE,ATG,,4,,ATGA,13,1
NZ_CP076401.1,CDS,276322,278352,+,ID=gene-KNZ77_RS01580;Dbxref=GeneID:66352754;Name=KNZ77_RS01580;gbkey=Gene;gene_biotype=protein_coding;locus_tag=KNZ77_RS01580;old_locus_tag=KNZ77_01580,KNZ77_RS01580,protein_coding,273832,276066,278349,278801,FALSE,TRUE,YYYYRRRRRRRRRRR,TRUE,RYRRRRRRRRRRYYR,TRUE,ATG,,4,,ATGA,16,1
NZ_CP076401.1,CDS,283562,283960,+,ID=gene-KNZ77_RS01620;Dbxref=GeneID:66352762;Name=tnpA;gbkey=Gene;gene=tnpA;gene_biotype=protein_coding;locus_tag=KNZ77_RS01620;old_locus_tag=KNZ77_01620,tnpA,protein_coding,281690,282406,283957,285120,FALSE,TRUE,YYRRRRRRYRYYRRY,TRUE,RRYRRRYYRRRRYRR,FALSE,ATG,,4,,ATGA,17,1
NZ_CP076401.1,CDS,338355,339368,+,ID=gene-KNZ77_RS01905;Dbxref=GeneID:66352819;Name=flhF;gbkey=Gene;gene=flhF;gene_biotype=protein_coding;locus_tag=KNZ77_RS01905;old_locus_tag=KNZ77_01905,flhF,protein_coding,336302,338377,339365,340243,TRUE,TRUE,RRYRYRRYRRRYRYR,FALSE,YRYYRRRRRYYRRRR,TRUE,ATG,23,4,ATGACGAAAAAGTATACAGCTAA,ATGA,24,1
NZ_CP076401.1,CDS,365314,365514,+,ID=gene-KNZ77_RS02055;Dbxref=GeneID:66352849;Name=KNZ77_RS02055;gbkey=Gene;gene_biotype=protein_coding;locus_tag=KNZ77_RS02055;old_locus_tag=KNZ77_02055,KNZ77_RS02055,protein_coding,364215,365309,365511,366431,FALSE,TRUE,YYRYYRRRRRRRYRR,TRUE,YRRYRRRRRRRRRYR,TRUE,ATG,,4,,ATGA,27,1
NZ_CP076401.1,CDS,365511,366431,+,ID=gene-KNZ77_RS02060;Dbxref=GeneID:66352850;Name=KNZ77_RS02060;gbkey=Gene;gene_biotype=protein_coding;locus_tag=KNZ77_RS02060;old_locus_tag=KNZ77_02060,KNZ77_RS02060,protein_coding,365314,365514,366428,367186,TRUE,TRUE,YRRYRRRRRRRRRYR,TRUE,YRYYYYYRRRRRYRR,TRUE,ATG,4,4,ATGA,GTGA,27,1
NZ_CP076401.1,CDS,463738,465807,+,ID=gene-KNZ77_RS02470;Dbxref=GeneID:66352932;Name=KNZ77_RS02470;gbkey=Gene;gene_biotype=protein_coding;locus_tag=KNZ77_RS02470;old_locus_tag=KNZ77_02470,KNZ77_RS02470,protein_coding,461991,463346,465804,467669,FALSE,TRUE,YYRRRRRRRRRRRRY,TRUE,RYYYRRRRRRYRRRR,TRUE,ATG,,4,,ATGA,34,1
NZ_CP076401.1,CDS,469634,469861,+,ID=gene-KNZ77_RS02495;Dbxref=GeneID:66352937;Name=KNZ77_RS02495;gbkey=Gene;gene_biotype=protein_coding;locus_tag=KNZ77_RS02495;old_locus_tag=KNZ77_02495,KNZ77_RS02495,protein_coding,469233,469394,469858,472797,FALSE,TRUE,YRYRRRRYRRYYYYY,FALSE,RYRRRRRRRRRRRRY,TRUE,ATG,,4,,ATGA,35,1
NZ_CP076401.1,CDS,507291,508040,+,ID=gene-KNZ77_RS02645;Dbxref=GeneID:66352967;Name=KNZ77_RS02645;gbkey=Gene;gene_biotype=protein_coding;locus_tag=KNZ77_RS02645;old_locus_tag=KNZ77_02645,KNZ77_RS02645,protein_coding,506182,506787,508037,508801,FALSE,TRUE,YRYYYRRRRRRYRRR,TRUE,RRYRYRRRRRRRRRR,TRUE,ATG,,4,,ATGA,38,1
NZ_CP076401.1,CDS,520381,521085,+,ID=gene-KNZ77_RS02710;Dbxref=GeneID:66352980;Name=KNZ77_RS02710;gbkey=Gene;gene_biotype=protein_coding;locus_tag=KNZ77_RS02710;old_locus_tag=KNZ77_02710,KNZ77_RS02710,protein_coding,519614,520126,521082,521852,FALSE,TRUE,YRRRRRRRRRRRRRY,TRUE,YYRRRRRRRRRYRRR,TRUE,ATG,,4,,ATGA,39,1
NZ_CP076401.1,CDS,521082,521852,+,ID=gene-KNZ77_RS02715;Dbxref=GeneID:66352981;Name=KNZ77_RS02715;gbkey=Gene;gene_biotype=protein_coding;locus_tag=KNZ77_RS02715;old_locus_tag=KNZ77_02715,KNZ77_RS02715,protein_coding,520381,521085,521849,522628,TRUE,TRUE,YYRRRRRRRRRYRRR,TRUE,YYRRYRRRRRRRRYR,TRUE,ATG,4,4,ATGA,ATGA,39,1
NZ_CP076401.1,CDS,548116,549414,+,ID=gene-KNZ77_RS02830;Dbxref=GeneID:66353004;Name=KNZ77_RS02830;gbkey=Gene;gene_biotype=protein_coding;locus_tag=KNZ77_RS02830;old_locus_tag=KNZ77_02830,KNZ77_RS02830,protein_coding,546487,547650,549411,550427,FALSE,TRUE,RYYYRRRRRRRRYYY,TRUE,RRRRRRRYRRRRRRR,TRUE,GTG,,4,,TTGA,40,1
NZ_CP076401.1,CDS,585126,585614,+,ID=gene-KNZ77_RS02965;Dbxref=GeneID:66353031;Name=KNZ77_RS02965;gbkey=Gene;gene_biotype=protein_coding;locus_tag=KNZ77_RS02965;old_locus_tag=KNZ77_02965,KNZ77_RS02965,protein_coding,584570,584932,585611,586096,FALSE,TRUE,YRYRRRRRYRYYRRY,TRUE,YRRRRYYRRRRYYRR,FALSE,ATG,,4,,ATGA,43,1
NZ_CP076401.1,CDS,713814,714740,+,ID=gene-KNZ77_RS03520;Dbxref=GeneID:66353142;Name=KNZ77_RS03520;gbkey=Gene;gene_biotype=protein_coding;locus_tag=KNZ77_RS03520;old_locus_tag=KNZ77_03520,KNZ77_RS03520,protein_coding,712824,713741,714737,715417,FALSE,TRUE,YYRRRRRRRRRRRRR,TRUE,YRRRRRRYRRRRRRR,TRUE,ATG,,4,,ATGA,47,1
NZ_CP076401.1,CDS,794258,794839,+,ID=gene-KNZ77_RS03785;Dbxref=GeneID:66353195;Name=KNZ77_RS03785;gbkey=Gene;gene_biotype=protein_coding;locus_tag=KNZ77_RS03785;old_locus_tag=KNZ77_03785,KNZ77_RS03785,protein_coding,790352,791131,794836,795024,FALSE,TRUE,RYYRYYYYRRRRRYY,TRUE,RRRRRRRYRYYRRYR,TRUE,ATG,,4,,ATGA,48,1
NZ_CP076401.1,CDS,848264,849136,+,ID=gene-KNZ77_RS03990;Dbxref=GeneID:66353236;Name=KNZ77_RS03990;gbkey=Gene;gene_biotype=protein_coding;locus_tag=KNZ77_RS03990;old_locus_tag=KNZ77_03990,KNZ77_RS03990,protein_coding,846311,848239,849133,850071,FALSE,TRUE,RYYYRRRRRRRRRYR,TRUE,RYRRRRRRYRYYRYR,TRUE,ATG,,4,,ATGA,49,1
NZ_CP076401.1,CDS,1207897,1208481,+,ID=gene-KNZ77_RS05575;Dbxref=GeneID:66353553;Name=KNZ77_RS05575;gbkey=Gene;gene_biotype=protein_coding;locus_tag=KNZ77_RS05575;old_locus_tag=KNZ77_05575,KNZ77_RS05575,protein_coding,1206706,1207677,1208478,1209185,FALSE,TRUE,RYRYRRRYRRRRYRR,FALSE,YRRRYYYYYYYYRYR,FALSE,ATG,,4,,GTGA,68,1
NZ_CP076401.1,CDS,1266120,1267190,+,ID=gene-KNZ77_RS05875;Dbxref=GeneID:66353613;Name=KNZ77_RS05875;gbkey=Gene;gene_biotype=protein_coding;locus_tag=KNZ77_RS05875;old_locus_tag=KNZ77_05875,KNZ77_RS05875,protein_coding,1265630,1266136,1267187,1268392,TRUE,TRUE,RYRYYRRRRRRYRYY,TRUE,RYYYYYYRRRRRRRR,TRUE,ATG,17,4,ATGAAATTGGGAAATAA,ATGA,71,1
NZ_CP076401.1,CDS,1306493,1306861,+,ID=gene-KNZ77_RS06070;Dbxref=GeneID:66353652;Name=KNZ77_RS06070;gbkey=Gene;gene_biotype=protein_coding;locus_tag=KNZ77_RS06070;old_locus_tag=KNZ77_06070,KNZ77_RS06070,protein_coding,1305110,1306390,1306858,1308210,FALSE,TRUE,YYRYYRRRRRRYRYR,TRUE,YRYRYRRRRRRRYRR,TRUE,ATG,,4,,ATGA,75,1
NZ_CP076401.1,CDS,1431921,1432973,+,ID=gene-KNZ77_RS06665;Dbxref=GeneID:66353771;Name=KNZ77_RS06665;gbkey=Gene;gene_biotype=protein_coding;locus_tag=KNZ77_RS06665;old_locus_tag=KNZ77_06665,KNZ77_RS06665,protein_coding,1431500,1431928,1432970,1433668,TRUE,TRUE,YRYRRRRRRRYRRRR,TRUE,YYRRYRRRRYRRRRR,TRUE,ATG,8,4,ATGTATAG,ATGA,82,1
NZ_CP076401.1,CDS,1647677,1648282,+,ID=gene-KNZ77_RS07615;Dbxref=GeneID:66353961;Name=hisH;gbkey=Gene;gene=hisH;gene_biotype=protein_coding;locus_tag=KNZ77_RS07615;old_locus_tag=KNZ77_07615,hisH,protein_coding,1647097,1647675,1648279,1649001,FALSE,TRUE,YYRRRRRRRRYYYYR,TRUE,YRYRYRRRRRRRYRR,TRUE,ATG,,4,,ATGA,94,1
NZ_CP076401.1,CDS,1730667,1731767,+,ID=gene-KNZ77_RS07990;Dbxref=GeneID:66354036;Name=vanG;gbkey=Gene;gene=vanG;gene_biotype=protein_coding;locus_tag=KNZ77_RS07990;old_locus_tag=KNZ77_07990,vanG,protein_coding,1729324,1730406,1731764,1732570,FALSE,TRUE,YRRYRRRRRRRRRYY,TRUE,YRRYYRRRRYRYRYR,FALSE,ATG,,4,,ATGA,98,1
NZ_CP076401.1,CDS,1741010,1741408,+,ID=gene-KNZ77_RS08030;Dbxref=GeneID:66354044;Name=tnpA;gbkey=Gene;gene=tnpA;gene_biotype=protein_coding;locus_tag=KNZ77_RS08030;old_locus_tag=KNZ77_08030,tnpA,protein_coding,1737352,1739226,1741405,1742568,FALSE,TRUE,YYRRRRRRYRYYRRY,TRUE,RRYRRRYYRRRRYRR,FALSE,ATG,,4,,ATGA,99,1
NZ_CP076401.1,CDS,1758980,1759936,+,ID=gene-KNZ77_RS08110;Dbxref=GeneID:66354060;Name=KNZ77_RS08110;gbkey=Gene;gene_biotype=protein_coding;locus_tag=KNZ77_RS08110;old_locus_tag=KNZ77_08110,KNZ77_RS08110,protein_coding,1758037,1758990,1759933,1760688,TRUE,TRUE,RYRYYRRRRRRRRRY,TRUE,YRYYRRRRRRRRYRR,TRUE,ATG,11,4,ATGAAGCTTAG,ATGA,102,1
NZ_CP076401.1,CDS,1874910,1875755,+,ID=gene-KNZ77_RS08650;Dbxref=GeneID:66354168;Name=KNZ77_RS08650;gbkey=Gene;gene_biotype=protein_coding;locus_tag=KNZ77_RS08650;old_locus_tag=KNZ77_08650,KNZ77_RS08650,protein_coding,1874206,1874796,1875752,1876435,FALSE,TRUE,YYYRRRRRRRYRRYR,TRUE,YRRYRRRRRRRRRYY,TRUE,ATG,,4,,ATGA,108,1
NZ_CP076401.1,CDS,1875752,1876435,+,ID=gene-KNZ77_RS08655;Dbxref=GeneID:66354169;Name=KNZ77_RS08655;gbkey=Gene;gene_biotype=protein_coding;locus_tag=KNZ77_RS08655;old_locus_tag=KNZ77_08655,KNZ77_RS08655,protein_coding,1874910,1875755,1876432,1877148,TRUE,TRUE,YRRYRRRRRRRRRYY,TRUE,RRRYRRRYRRRRYRR,FALSE,ATG,4,4,ATGA,ATGA,108,1
NZ_CP076401.1,CDS,1988075,1988590,+,ID=gene-KNZ77_RS09160;Dbxref=GeneID:66354270;Name=KNZ77_RS09160;gbkey=Gene;gene_biotype=protein_coding;locus_tag=KNZ77_RS09160;old_locus_tag=KNZ77_09160,KNZ77_RS09160,protein_coding,1987185,1987706,1988587,1989348,FALSE,TRUE,RRYRRYRRRRRYRRY,TRUE,RYYYRRRRRRRRRYR,TRUE,GTG,,4,,ATGA,111,1
NZ_CP076401.1,CDS,3550614,3551117,+,ID=gene-KNZ77_RS15950;Dbxref=GeneID:66355628;Name=KNZ77_RS15950;gbkey=Gene;gene_biotype=protein_coding;locus_tag=KNZ77_RS15950;old_locus_tag=KNZ77_15950,KNZ77_RS15950,protein_coding,3550050,3550565,3551114,3551764,FALSE,TRUE,RYRRRRRRRRRYRRR,TRUE,RYRYRRRRRRYRRRY,TRUE,ATG,,4,,ATGA,128,1
NZ_CP076401.1,CDS,3987406,3987528,-,ID=gene-KNZ77_RS18865;Dbxref=GeneID:76379611;Name=KNZ77_RS18865;gbkey=Gene;gene_biotype=protein_coding;locus_tag=KNZ77_RS18865,KNZ77_RS18865,protein_coding,3987909,3991115,3986723,3987409,FALSE,TRUE,RYYRRYRRRRRYRYY,TRUE,YRRRRRRRRRYRRRR,TRUE,ATG,,4,,ATGA,135,1
NZ_CP076401.1,CDS,3942243,3943178,-,ID=gene-KNZ77_RS17855;Dbxref=GeneID:66356009;Name=KNZ77_RS17855;gbkey=Gene;gene_biotype=protein_coding;locus_tag=KNZ77_RS17855;old_locus_tag=KNZ77_17855,KNZ77_RS17855,protein_coding,3943181,3943870,3941353,3942246,FALSE,TRUE,RRYYYRYRRRRRRRY,TRUE,RYRYRYRYRRRRYRR,FALSE,ATG,,4,,ATGA,139,1
NZ_CP076401.1,CDS,3864583,3865080,-,ID=gene-KNZ77_RS17475;Dbxref=GeneID:66355933;Name=atpF;gbkey=Gene;gene=atpF;gene_biotype=protein_coding;locus_tag=KNZ77_RS17475;old_locus_tag=KNZ77_17475,atpF,protein_coding,3865203,3865463,3864041,3864586,FALSE,TRUE,YRYRRRRRRRRRRRY,TRUE,RRRRRRYRRRRRRRR,TRUE,ATG,,4,,ATGA,143,1
NZ_CP076401.1,CDS,3820803,3822029,-,ID=gene-KNZ77_RS17255;Dbxref=GeneID:66355889;Name=cbiD;gbkey=Gene;gene=cbiD;gene_biotype=protein_coding;locus_tag=KNZ77_RS17255;old_locus_tag=KNZ77_17255,cbiD,protein_coding,3822038,3822670,3820198,3820806,FALSE,TRUE,RYRYYRYRYRRRYRY,FALSE,RYYYRRYRRRRRYYY,TRUE,ATG,,4,,ATGA,146,1
NZ_CP076401.1,CDS,3817783,3818904,-,ID=gene-KNZ77_RS17235;Dbxref=GeneID:66355885;Name=cbiG;gbkey=Gene;gene=cbiG;gene_biotype=protein_coding;locus_tag=KNZ77_RS17235;old_locus_tag=KNZ77_17235,cbiG,protein_coding,3818888,3819640,3817061,3817786,TRUE,TRUE,YRYRRYRRRRRYYYY,TRUE,YRRYRRRRRRRRYRR,TRUE,ATG,17,4,ATGAATATAGAGGGTAA,ATGA,146,1
NZ_CP076401.1,CDS,3817061,3817786,-,ID=gene-KNZ77_RS17230;Dbxref=GeneID:66355884;Name=cobJ;gbkey=Gene;gene=cobJ;gene_biotype=protein_coding;locus_tag=KNZ77_RS17230;old_locus_tag=KNZ77_17230,cobJ,protein_coding,3817783,3818904,3816312,3817064,TRUE,TRUE,YRRYRRRRRRRRYRR,TRUE,YYYYRRRRRRYYRYR,TRUE,ATG,4,4,ATGA,ATGA,146,1
NZ_CP076401.1,CDS,3765718,3766119,-,ID=gene-KNZ77_RS17045;Dbxref=GeneID:66355847;Name=KNZ77_RS17045;gbkey=Gene;gene_biotype=protein_coding;locus_tag=KNZ77_RS17045;old_locus_tag=KNZ77_17045,KNZ77_RS17045,protein_coding,3768763,3770121,3764654,3765721,FALSE,TRUE,YRRYRYRRRRRRRRY,TRUE,YRRRRRRRRRRRRRR,TRUE,ATG,,4,,ATGA,150,1
NZ_CP076401.1,CDS,3747015,3747497,-,ID=gene-KNZ77_RS16960;Dbxref=GeneID:66355830;Name=KNZ77_RS16960;gbkey=Gene;gene_biotype=protein_coding;locus_tag=KNZ77_RS16960;old_locus_tag=KNZ77_16960,KNZ77_RS16960,protein_coding,3747696,3749111,3746434,3747018,FALSE,TRUE,YYRRRRRRRRRRRRY,TRUE,RYYRYRRRRYRRRRR,TRUE,TTG,,4,,ATGA,152,1
NZ_CP076401.1,CDS,3544127,3544798,-,ID=gene-KNZ77_RS15915;Dbxref=GeneID:66355621;Name=KNZ77_RS15915;gbkey=Gene;gene_biotype=protein_coding;locus_tag=KNZ77_RS15915;old_locus_tag=KNZ77_15915,KNZ77_RS15915,protein_coding,3545012,3545662,3543000,3544130,FALSE,TRUE,RRRRRRRYRRYRRRY,TRUE,RYRRRYYYRRRRYYR,FALSE,ATG,,4,,ATGA,172,1
NZ_CP076401.1,CDS,3542577,3542699,-,ID=gene-KNZ77_RS18835;Dbxref=GeneID:76379605;Name=KNZ77_RS18835;gbkey=Gene;gene_biotype=protein_coding;locus_tag=KNZ77_RS18835,KNZ77_RS18835,protein_coding,3543000,3544130,3541735,3542580,FALSE,TRUE,RYYRYRRRRRRRRRY,TRUE,RYRRRRRRRRYYRYR,TRUE,ATG,,4,,ATGA,173,1
NZ_CP076401.1,CDS,3482389,3483261,-,ID=gene-KNZ77_RS15685;Dbxref=GeneID:66355575;Name=KNZ77_RS15685;gbkey=Gene;gene_biotype=protein_coding;locus_tag=KNZ77_RS15685;old_locus_tag=KNZ77_15685,KNZ77_RS15685,protein_coding,3483791,3484282,3481103,3482392,FALSE,TRUE,YYYRRRRRYRYRYYY,TRUE,YRRYRRRRRRRRRYR,TRUE,ATG,,4,,ATGA,176,1
NZ_CP076401.1,CDS,3218706,3220484,-,ID=gene-KNZ77_RS14620;Dbxref=GeneID:66355362;Name=KNZ77_RS14620;gbkey=Gene;gene_biotype=protein_coding;locus_tag=KNZ77_RS14620;old_locus_tag=KNZ77_14620,KNZ77_RS14620,protein_coding,3220601,3220918,3217336,3218709,FALSE,TRUE,YRRYYRYRRRYRRRR,FALSE,RRRRRRRRRYYRRRR,TRUE,ATG,,4,,ATGA,187,1
NZ_CP076401.1,CDS,2326794,2327474,-,ID=gene-KNZ77_RS10705;Dbxref=GeneID:66354579;Name=pgmB;gbkey=Gene;gene=pgmB;gene_biotype=protein_coding;locus_tag=KNZ77_RS10705;old_locus_tag=KNZ77_10705,pgmB,protein_coding,2327698,2329581,2324512,2326797,FALSE,TRUE,RYRRRRRRRRRRRRY,TRUE,RYRYRRYYRRRRRRR,TRUE,ATG,,4,,ATGA,215,1
NZ_CP076401.1,CDS,2171584,2172153,-,ID=gene-KNZ77_RS10065;Dbxref=GeneID:66354451;Name=mocA;gbkey=Gene;gene=mocA;gene_biotype=protein_coding;locus_tag=KNZ77_RS10065;old_locus_tag=KNZ77_10065,mocA,protein_coding,2172260,2172982,2170568,2171587,FALSE,TRUE,RRYRYYRRRRRYRRY,TRUE,RRRRRRYYRRRRRYR,TRUE,ATG,,4,,ATGA,222,1
NZ_CP076401.1,CDS,2055519,2056205,-,ID=gene-KNZ77_RS09515;Dbxref=GeneID:66354341;Name=KNZ77_RS09515;gbkey=Gene;gene_biotype=protein_coding;locus_tag=KNZ77_RS09515;old_locus_tag=KNZ77_09515,KNZ77_RS09515,protein_coding,2056282,2057190,2052967,2055522,FALSE,TRUE,YRYYRRRRRRRRRRR,TRUE,RYRYYRRYRRYRRRR,FALSE,ATG,,4,,ATGA,226,1
NZ_CP076401.1,CDS,766934,767413,-,ID=gene-KNZ77_RS03685;Dbxref=GeneID:66353175;Name=KNZ77_RS03685;gbkey=Gene;gene_biotype=protein_coding;locus_tag=KNZ77_RS03685;old_locus_tag=KNZ77_03685,KNZ77_RS03685,protein_coding,780330,781727,766158,766937,FALSE,TRUE,YRRRRRRRRRRRRRY,TRUE,RRRRYRYRRRRRYRR,TRUE,TTG,,4,,ATGA,235,1
