seqid,type,start,end,strand,attributes,locus_name,gene_biotype,prev_start,prev_end,next_start,next_end,overlap_prev,overlap_next,seq_upstream,seq_next_upstream,start_codon,deltaG,RBS_dist,has_RBS,next_has_RBS,next_deltaG,next_RBS_dist,test_name,COG,COG_str,COG_main,COG_main_desc
NZ_CP033238.1,CDS,12736,13425,-,ID=gene-SULM_RS00080;Dbxref=GeneID:38466635;Name=SULM_RS00080;gbkey=Gene;gene_biotype=protein_coding;locus_tag=SULM_RS00080;old_locus_tag=SULM_00080,SULM_RS00080,protein_coding,13412,16450,11648,12739,TRUE,TRUE,AAGGAGGTTCTAGAA,TTTCTATAAAGGTGA,ATG,-5.904895,12,TRUE,TRUE,-3.82996,7,SULM_00080,,,,Not in COG database
NZ_CP033238.1,CDS,52557,53021,+,ID=gene-SULM_RS00305;Dbxref=GeneID:38466680;Name=SULM_RS00305;gbkey=Gene;gene_biotype=protein_coding;locus_tag=SULM_RS00305;old_locus_tag=SULM_00305,SULM_RS00305,protein_coding,51146,52069,53018,53689,FALSE,TRUE,AAGTGGGTATTATAT,TAAGGATGAGTGAGA,ATG,-3.10755,12,FALSE,TRUE,-4.742335,11,SULM_00305,,,,Not in COG database
NZ_CP033238.1,CDS,56201,58795,-,ID=gene-SULM_RS00325;Dbxref=GeneID:38466684;Name=SULM_RS00325;gbkey=Gene;gene_biotype=protein_coding;locus_tag=SULM_RS00325;old_locus_tag=SULM_00325,SULM_RS00325,protein_coding,58792,59937,55185,56204,TRUE,TRUE,AGTTAACAGGTGTTA,GTTTTGTGAGGGAGG,ATG,-3.82996,9,TRUE,TRUE,-6.86261,9,SULM_00325,,,,Not in COG database
NZ_CP033238.1,CDS,58792,59937,-,ID=gene-SULM_RS00330;Dbxref=GeneID:38466685;Name=mre11;gbkey=Gene;gene=mre11;gene_biotype=protein_coding;locus_tag=SULM_RS00330;old_locus_tag=SULM_00330,mre11,protein_coding,59940,61442,56201,58795,FALSE,TRUE,CAGAAATTGGTGATT,AGTTAACAGGTGTTA,ATG,-1.469835,9,FALSE,TRUE,-3.82996,9,SULM_00330,,,,Not in COG database
NZ_CP033238.1,CDS,86220,87341,+,ID=gene-SULM_RS00490;Dbxref=GeneID:38466717;Name=SULM_RS00490;gbkey=Gene;gene_biotype=protein_coding;locus_tag=SULM_RS00490;old_locus_tag=SULM_00490,SULM_RS00490,protein_coding,84820,86145,87338,89167,FALSE,TRUE,ATAAAATATGATATG,AACTTGAGCAGGTGA,ATG,-2.18221,10,FALSE,TRUE,-4.65547,7,SULM_00490,,,,Not in COG database
NZ_CP033238.1,CDS,102431,103183,-,ID=gene-SULM_RS00575;Dbxref=GeneID:38466734;Name=SULM_RS00575;gbkey=Gene;gene_biotype=protein_coding;locus_tag=SULM_RS00575;old_locus_tag=SULM_00575,SULM_RS00575,protein_coding,103180,104178,101385,102434,TRUE,TRUE,TCAAAATGGCAATGG,ACGAGAGGAAATATG,ATG,-4.716255,6,TRUE,TRUE,-3.60793,12,SULM_00575,,,,Not in COG database
NZ_CP033238.1,CDS,103180,104178,-,ID=gene-SULM_RS00580;Dbxref=GeneID:38466735;Name=SULM_RS00580;gbkey=Gene;gene_biotype=protein_coding;locus_tag=SULM_RS00580;old_locus_tag=SULM_00580,SULM_RS00580,protein_coding,104781,104930,102431,103183,FALSE,TRUE,AGATGGTGAAAGAGA,TCAAAATGGCAATGG,GTG,-2.752335,12,FALSE,TRUE,-4.716255,6,SULM_00580,,,,Not in COG database
NZ_CP033238.1,CDS,121476,121964,+,ID=gene-SULM_RS00675;Dbxref=GeneID:38466754;Name=SULM_RS00675;gbkey=Gene;gene_biotype=protein_coding;locus_tag=SULM_RS00675;old_locus_tag=SULM_00675,SULM_RS00675,protein_coding,120650,121462,121961,122143,FALSE,TRUE,AGATAGGTGATGGTC,TCGAGAGGATGAATA,ATG,-5.259575,6,TRUE,TRUE,-3.60793,12,SULM_00675,,,,Not in COG database
NZ_CP033238.1,CDS,137430,138428,-,ID=gene-SULM_RS00775;Dbxref=GeneID:38466774;Name=SULM_RS00775;gbkey=Gene;gene_biotype=protein_coding;locus_tag=SULM_RS00775;old_locus_tag=SULM_00775,SULM_RS00775,protein_coding,138436,138948,136972,137433,FALSE,TRUE,AGAAAAAAGTGAATA,TCTTTGGGAGGTCTC,ATG,-1.25439,8,FALSE,TRUE,-5.904895,8,SULM_00775,,,,Not in COG database
NZ_CP033238.1,CDS,152148,152594,+,ID=gene-SULM_RS00855;Dbxref=GeneID:38466790;Name=ssb;gbkey=Gene;gene=ssb;gene_biotype=protein_coding;locus_tag=SULM_RS00855;old_locus_tag=SULM_00855,ssb,protein_coding,148755,149120,152591,152872,FALSE,TRUE,AATCTGTGAGTCGAG,ACGAAGAAGGTGAAG,ATG,-4.36261,5,TRUE,TRUE,-3.82996,9,SULM_00855,,,,Not in COG database
NZ_CP033238.1,CDS,172710,174044,-,ID=gene-SULM_RS00975;Dbxref=GeneID:38466814;Name=thiD;gbkey=Gene;gene=thiD;gene_biotype=protein_coding;locus_tag=SULM_RS00975;old_locus_tag=SULM_00975,thiD,protein_coding,174041,174736,172144,172692,TRUE,FALSE,ATACGAGAGTGAAAA,AACTTCATTTTAATT,ATG,-2.004895,10,FALSE,FALSE,1.9433,7,SULM_00975,,,,Not in COG database
NZ_CP033238.1,CDS,203197,203703,-,ID=gene-SULM_RS01160;Dbxref=GeneID:38466851;Name=cutC;gbkey=Gene;gene=cutC;gene_biotype=protein_coding;locus_tag=SULM_RS01160;old_locus_tag=SULM_01160,cutC,protein_coding,203709,204545,202211,202630,FALSE,FALSE,CTCTAAATAGGTGAT,ACTATTCTAACTGTT,ATG,-3.82996,8,TRUE,FALSE,1.77826,6,SULM_01160,,,,Not in COG database
NZ_CP033238.1,CDS,252869,253882,+,ID=gene-SULM_RS01450;Dbxref=GeneID:38466909;Name=SULM_RS01450;gbkey=Gene;gene_biotype=protein_coding;locus_tag=SULM_RS01450;old_locus_tag=SULM_01450,SULM_RS01450,protein_coding,252101,252784,253879,254730,FALSE,TRUE,TATTCGATAAGTATG,TAGGTGATGCAGTAC,ATG,-1.307275,6,FALSE,TRUE,-3.82996,15,SULM_01450,,,,Not in COG database
NZ_CP033238.1,CDS,274815,275957,+,ID=gene-SULM_RS01575;Dbxref=GeneID:38466934;Name=SULM_RS01575;gbkey=Gene;gene_biotype=protein_coding;locus_tag=SULM_RS01575;old_locus_tag=SULM_01575,SULM_RS01575,protein_coding,273392,273979,275954,276328,FALSE,TRUE,TAGTAAATTATGATT,TAGTATTGGGTGAGC,ATG,-2.18221,8,FALSE,TRUE,-3.614515,6,SULM_01575,,,,Not in COG database
NZ_CP033238.1,CDS,378614,379270,-,ID=gene-SULM_RS02115;Dbxref=GeneID:38467042;Name=SULM_RS02115;gbkey=Gene;gene_biotype=protein_coding;locus_tag=SULM_RS02115;old_locus_tag=SULM_02115,SULM_RS02115,protein_coding,379327,379827,377376,378617,FALSE,TRUE,TGATACGTAATTATA,TAGAAAGGTGGTTGT,ATG,-0.450285000000002,17,FALSE,TRUE,-3.82996,11,SULM_02115,,,,Not in COG database
NZ_CP033238.1,CDS,393349,393735,+,ID=gene-SULM_RS02195;Dbxref=GeneID:38467058;Name=SULM_RS02195;gbkey=Gene;gene_biotype=protein_coding;locus_tag=SULM_RS02195;old_locus_tag=SULM_02195,SULM_RS02195,protein_coding,392179,393342,393732,395039,FALSE,TRUE,TCTAAGAAGGTGACC,TAATTGGCGAGGTGA,ATG,-3.82996,9,TRUE,TRUE,-5.904895,7,SULM_02195,,,,Not in COG database
NZ_CP033238.1,CDS,402267,402758,+,ID=gene-SULM_RS02255;Dbxref=GeneID:38467070;Name=cutC;gbkey=Gene;gene=cutC;gene_biotype=protein_coding;locus_tag=SULM_RS02255;old_locus_tag=SULM_02255,cutC,protein_coding,401418,402266,402755,405004,FALSE,TRUE,AAAGGAGGTGTCGGG,CTTCAAGGAGGTTGA,ATG,-5.904895,11,TRUE,TRUE,-5.904895,8,SULM_02255,,,,Not in COG database
NZ_CP033238.1,CDS,418638,419147,-,ID=gene-SULM_RS02345;Dbxref=GeneID:38467088;Name=soxA;gbkey=Gene;gene=soxA;gene_biotype=protein_coding;locus_tag=SULM_RS02345;old_locus_tag=SULM_02345,soxA,protein_coding,421875,422441,417106,418641,FALSE,TRUE,AAAGAATTAGGTGTA,GAACTTTGGAGGTGG,ATG,-3.82996,8,TRUE,TRUE,-5.904895,7,SULM_02345,,,,Not in COG database
NZ_CP033238.1,CDS,424741,425214,+,ID=gene-SULM_RS02385;Dbxref=GeneID:38467096;Name=SULM_RS02385;gbkey=Gene;gene_biotype=protein_coding;locus_tag=SULM_RS02385;old_locus_tag=SULM_02385,SULM_RS02385,protein_coding,422737,423495,425211,425720,FALSE,TRUE,ACAATAGGGTATATA,TAAAAGAGAGGCGAA,ATG,-3.10755,10,FALSE,TRUE,-3.60793,9,SULM_02385,,,,Not in COG database
NZ_CP033238.1,CDS,457421,458332,-,ID=gene-SULM_RS02580;Dbxref=GeneID:38467135;Name=SULM_RS02580;gbkey=Gene;gene_biotype=protein_coding;locus_tag=SULM_RS02580;old_locus_tag=SULM_02580,SULM_RS02580,protein_coding,459589,460632,457104,457424,FALSE,TRUE,AAACATTGAGTATTA,TACTAAAGAGGGTGA,ATG,-2.61041,10,FALSE,TRUE,-3.60793,9,SULM_02580,,,,Not in COG database
NZ_CP033238.1,CDS,518443,518706,-,ID=gene-SULM_RS02870;Dbxref=GeneID:38467193;Name=SULM_RS02870;gbkey=Gene;gene_biotype=protein_coding;locus_tag=SULM_RS02870;old_locus_tag=SULM_02870,SULM_RS02870,protein_coding,518693,519247,517244,518446,TRUE,TRUE,GGACAAGTTGGTGTC,TAAGTATGGTGAGTG,ATG,-1.469835,8,FALSE,TRUE,-4.66261,5,SULM_02870,,,,Not in COG database
NZ_CP033238.1,CDS,538096,539319,-,ID=gene-SULM_RS02970;Dbxref=GeneID:38467213;Name=SULM_RS02970;gbkey=Gene;gene_biotype=protein_coding;locus_tag=SULM_RS02970;old_locus_tag=SULM_02970,SULM_RS02970,protein_coding,539339,539695,537830,538099,FALSE,TRUE,CCTTTCAAAATATAA,ATATCATGAGGTTAT,GTG,1.9433,10,FALSE,TRUE,-9.987395,9,SULM_02970,,,,Not in COG database
NZ_CP033238.1,CDS,564015,564641,+,ID=gene-SULM_RS03100;Dbxref=GeneID:38467239;Name=SULM_RS03100;gbkey=Gene;gene_biotype=protein_coding;locus_tag=SULM_RS03100;old_locus_tag=SULM_03100,SULM_RS03100,protein_coding,562771,563847,564638,565537,FALSE,TRUE,CATAATATATTTATT,GTGTAGAGGTTAAAC,ATG,1.9433,15,FALSE,TRUE,-5.904895,10,SULM_03100,,,,Not in COG database
NZ_CP033238.1,CDS,584796,585983,+,ID=gene-SULM_RS03205;Dbxref=GeneID:38467260;Name=SULM_RS03205;gbkey=Gene;gene_biotype=protein_coding;locus_tag=SULM_RS03205;old_locus_tag=SULM_03205,SULM_RS03205,protein_coding,582961,584793,585980,586267,FALSE,TRUE,AAAAGGAGGTAAGCT,GTATGGGGGTGTTAA,ATG,-6.004895,10,TRUE,TRUE,-7.016255,13,SULM_03205,,,,Not in COG database
NZ_CP033238.1,CDS,605892,606752,+,ID=gene-SULM_RS03305;Dbxref=GeneID:38467280;Name=glcT;gbkey=Gene;gene=glcT;gene_biotype=protein_coding;locus_tag=SULM_RS03305;old_locus_tag=SULM_03310,glcT,protein_coding,599975,600358,606749,607600,FALSE,TRUE,TCCTAATATATAGTT,TTAGGAGGTGGATAA,ATG,1.7151,7,FALSE,TRUE,-5.904895,11,SULM_03310,,,,Not in COG database
NZ_CP033238.1,CDS,617793,618125,-,ID=gene-SULM_RS03375;Dbxref=GeneID:38467294;Name=SULM_RS03375;gbkey=Gene;gene_biotype=protein_coding;locus_tag=SULM_RS03375;old_locus_tag=SULM_03380,SULM_RS03375,protein_coding,618157,618981,617455,617796,FALSE,TRUE,GATTTTAAAAGATGA,GATATGAGGTAATAA,ATG,-2.48221,6,FALSE,TRUE,-10.187395,11,SULM_03380,,,,Not in COG database
NZ_CP033238.1,CDS,622464,623651,-,ID=gene-SULM_RS03405;Dbxref=GeneID:38467300;Name=SULM_RS03405;gbkey=Gene;gene_biotype=protein_coding;locus_tag=SULM_RS03405;old_locus_tag=SULM_03410,SULM_RS03405,protein_coding,623675,625288,621931,622467,FALSE,TRUE,TCAAGTGGTAGATTA,CAACTAGGAGGCCAT,ATG,-1.569835,11,FALSE,TRUE,-3.60793,9,SULM_03410,,,,Not in COG database
NZ_CP033238.1,CDS,652862,653581,-,ID=gene-SULM_RS03555;Dbxref=GeneID:38467330;Name=SULM_RS03555;gbkey=Gene;gene_biotype=protein_coding;locus_tag=SULM_RS03555;old_locus_tag=SULM_03560,SULM_RS03555,protein_coding,656304,657179,650973,652865,FALSE,TRUE,TCCTTACTCAATTAT,TTCATTATAGAGAGG,ATG,1.6433,6,FALSE,TRUE,-5.30793,5,SULM_03560,,,,Not in COG database
NZ_CP033238.1,CDS,757933,758790,+,ID=gene-SULM_RS04100;Dbxref=GeneID:38467439;Name=glcT;gbkey=Gene;gene=glcT;gene_biotype=protein_coding;locus_tag=SULM_RS04100;old_locus_tag=SULM_04105,glcT,protein_coding,756035,757897,758797,759684,FALSE,FALSE,ATACTTAGGTGTATA,GTTTAGAAGGTGAGG,ATG,-3.82996,10,TRUE,TRUE,-8.56261,5,SULM_04105,,,,Not in COG database
NZ_CP033238.1,CDS,771239,771856,-,ID=gene-SULM_RS04195;Dbxref=GeneID:38467458;Name=SULM_RS04195;gbkey=Gene;gene_biotype=protein_coding;locus_tag=SULM_RS04195;old_locus_tag=SULM_04200,SULM_RS04195,protein_coding,771847,772722,770856,771242,TRUE,TRUE,GTATCAAAGGGGAGA,CCTTTAGGAAGGTGC,GTG,-2.833755,8,FALSE,TRUE,-3.82996,7,SULM_04200,,,,Not in COG database
NZ_CP033238.1,CDS,773116,773394,-,ID=gene-SULM_RS04210;Dbxref=GeneID:38467461;Name=SULM_RS04210;gbkey=Gene;gene_biotype=protein_coding;locus_tag=SULM_RS04210;old_locus_tag=SULM_04215,SULM_RS04210,protein_coding,773394,774623,772757,773119,TRUE,TRUE,TCCAAGAGAGGTGGC,TGGAGGAGGCGAATA,ATG,-5.904895,8,TRUE,TRUE,-3.60793,14,SULM_04215,,,,Not in COG database
NZ_CP033238.1,CDS,797194,798351,-,ID=gene-SULM_RS04345;Dbxref=GeneID:38467488;Name=SULM_RS04345;gbkey=Gene;gene_biotype=protein_coding;locus_tag=SULM_RS04345;old_locus_tag=SULM_04350,SULM_RS04345,protein_coding,798348,799106,796847,797197,TRUE,TRUE,TTACCGGGGGTTTGG,TAGTATTAGGTGAGA,GTG,-5.13072,9,TRUE,TRUE,-3.82996,9,SULM_04350,,,,Not in COG database
NZ_CP033238.1,CDS,798348,799106,-,ID=gene-SULM_RS04350;Dbxref=GeneID:38467489;Name=fabG;gbkey=Gene;gene=fabG;gene_biotype=protein_coding;locus_tag=SULM_RS04350;old_locus_tag=SULM_04355,fabG,protein_coding,799522,799713,797194,798351,FALSE,TRUE,TCTCACGTTTTCTTC,TTACCGGGGGTTTGG,ATG,1.77826,12,FALSE,TRUE,-5.13072,9,SULM_04355,,,,Not in COG database
NZ_CP033238.1,CDS,824387,824950,-,ID=gene-SULM_RS04470;Dbxref=GeneID:38467513;Name=SULM_RS04470;gbkey=Gene;gene_biotype=protein_coding;locus_tag=SULM_RS04470;old_locus_tag=SULM_04475,SULM_RS04470,protein_coding,826442,827788,822738,824390,FALSE,TRUE,CTTAATATACAGAAT,TCACGGGGGTGCCTT,ATG,1.4433,6,FALSE,TRUE,-5.13072,10,SULM_04475,,,,Not in COG database
NZ_CP033238.1,CDS,845844,847247,-,ID=gene-SULM_RS04580;Dbxref=GeneID:38467535;Name=SULM_RS04580;gbkey=Gene;gene_biotype=protein_coding;locus_tag=SULM_RS04580;old_locus_tag=SULM_04585,SULM_RS04580,protein_coding,847320,848399,844813,845847,FALSE,TRUE,TTTTGAAGACGTTAA,ACTTATTAGAGGGAG,GTG,-0.250285000000002,14,FALSE,TRUE,-3.60793,8,SULM_04585,,,,Not in COG database
NZ_CP033238.1,CDS,925282,926463,+,ID=gene-SULM_RS04990;Dbxref=GeneID:38467617;Name=SULM_RS04990;gbkey=Gene;gene_biotype=protein_coding;locus_tag=SULM_RS04990;old_locus_tag=SULM_04995,SULM_RS04990,protein_coding,923241,923984,926460,927068,FALSE,TRUE,AGACGTGGTATGAAA,TTACGGGGGAGGTCA,ATG,-2.18221,8,FALSE,TRUE,-5.904895,7,SULM_04995,,,,Not in COG database
NZ_CP033238.1,CDS,927100,928302,+,ID=gene-SULM_RS05000;Dbxref=GeneID:38467619;Name=thiD;gbkey=Gene;gene=thiD;gene_biotype=protein_coding;locus_tag=SULM_RS05000;old_locus_tag=SULM_05005,thiD,protein_coding,926460,927068,928299,929180,FALSE,TRUE,TCATCGATATAATTA,TAAAAGAGGTAGCTA,GTG,1.9433,13,FALSE,TRUE,-6.004895,10,SULM_05005,,,,Not in COG database
NZ_CP033238.1,CDS,956413,957075,+,ID=gene-SULM_RS05150;Dbxref=GeneID:38467649;Name=SULM_RS05150;gbkey=Gene;gene_biotype=protein_coding;locus_tag=SULM_RS05150;old_locus_tag=SULM_05155,SULM_RS05150,protein_coding,954156,954872,957072,957401,FALSE,TRUE,TAGATAGAAGAGTCT,TAGCAAAGGTGATTA,ATG,-0.359835,8,FALSE,TRUE,-3.82996,10,SULM_05155,,,,Not in COG database
NZ_CP033238.1,CDS,981688,982383,-,ID=gene-SULM_RS05320;Dbxref=GeneID:38467683;Name=rpsB;gbkey=Gene;gene=rpsB;gene_biotype=protein_coding;locus_tag=SULM_RS05320;old_locus_tag=SULM_05325,rpsB,protein_coding,982380,982580,980837,981691,TRUE,TRUE,TCCACTATACTAGAC,TCGAGATGAGGCTTG,TTG,1.7151,7,FALSE,TRUE,-7.99043,10,SULM_05325,,,,Not in COG database
NZ_CP033238.1,CDS,983443,983802,-,ID=gene-SULM_RS05340;Dbxref=GeneID:38467687;Name=SULM_RS05340;gbkey=Gene;gene_biotype=protein_coding;locus_tag=SULM_RS05340;old_locus_tag=SULM_05345,SULM_RS05340,protein_coding,983799,984596,982997,983446,TRUE,TRUE,AACTGGTAGAGGTGG,GTGTGAGGTTGATGA,ATG,-5.904895,7,TRUE,TRUE,-9.159575,11,SULM_05345,,,,Not in COG database
NZ_CP033238.1,CDS,983799,984596,-,ID=gene-SULM_RS05345;Dbxref=GeneID:38467688;Name=SULM_RS05345;gbkey=Gene;gene_biotype=protein_coding;locus_tag=SULM_RS05345;old_locus_tag=SULM_05350,SULM_RS05345,protein_coding,984608,985006,983443,983802,FALSE,TRUE,GAGTATAGGCGGCTT,AACTGGTAGAGGTGG,ATG,-1.532995,11,FALSE,TRUE,-5.904895,7,SULM_05350,,,,Not in COG database
NZ_CP033238.1,CDS,1059693,1059863,+,ID=gene-SULM_RS05780;Dbxref=GeneID:38467775;Name=lysW/argW;gbkey=Gene;gene=lysW/argW;gene_biotype=protein_coding;locus_tag=SULM_RS05780;old_locus_tag=SULM_05785,lysW/argW,protein_coding,1059198,1059626,1059860,1060711,FALSE,TRUE,AGTATCTAACTGACC,TAGGTGAGGATTGGG,ATG,-0.250285000000002,7,FALSE,TRUE,-6.86261,11,SULM_05785,,,,Not in COG database
NZ_CP033238.1,CDS,1059860,1060711,+,ID=gene-SULM_RS05785;Dbxref=GeneID:38467776;Name=lysX;gbkey=Gene;gene=lysX;gene_biotype=protein_coding;locus_tag=SULM_RS05785;old_locus_tag=SULM_05790,lysX,protein_coding,1059693,1059863,1060708,1061874,TRUE,TRUE,TAGGTGAGGATTGGG,CAGCGGAATGGGTGA,GTG,-6.86261,11,TRUE,TRUE,-5.20043,7,SULM_05790,,,,Not in COG database
NZ_CP033238.1,CDS,1067451,1068005,-,ID=gene-SULM_RS05835;Dbxref=GeneID:38467786;Name=SULM_RS05835;gbkey=Gene;gene_biotype=protein_coding;locus_tag=SULM_RS05835;old_locus_tag=SULM_05840,SULM_RS05835,protein_coding,1068065,1069696,1066873,1067454,FALSE,TRUE,TTATTCTGAAGTTTA,TTAGAGCTGGGGTTA,ATG,-0.250285000000002,11,FALSE,TRUE,-7.381295,7,SULM_05840,,,,Not in COG database
NZ_CP033238.1,CDS,1076940,1077182,+,ID=gene-SULM_RS05890;Dbxref=GeneID:38467797;Name=SULM_RS05890;gbkey=Gene;gene_biotype=protein_coding;locus_tag=SULM_RS05890;old_locus_tag=SULM_05895,SULM_RS05890,protein_coding,1074625,1076934,1077179,1078234,FALSE,TRUE,GTACATATGCGTGAA,CTTATTTAGGTGATA,ATG,-1.25439,6,FALSE,TRUE,-3.82996,9,SULM_05895,,,,Not in COG database
NZ_CP033238.1,CDS,1097045,1097908,+,ID=gene-SULM_RS05995;Dbxref=GeneID:38467818;Name=SULM_RS05995;gbkey=Gene;gene_biotype=protein_coding;locus_tag=SULM_RS05995;old_locus_tag=SULM_06000,SULM_RS05995,protein_coding,1095197,1097026,1097905,1099746,FALSE,TRUE,AAACTAATATAAAAT,ATTATGTAAGAGGGG,ATG,1.4433,6,FALSE,TRUE,-4.533755,5,SULM_06000,,,,Not in COG database
NZ_CP033238.1,CDS,1105330,1106697,-,ID=gene-SULM_RS06045;Dbxref=GeneID:38467828;Name=glmM;gbkey=Gene;gene=glmM;gene_biotype=protein_coding;locus_tag=SULM_RS06045;old_locus_tag=SULM_06050,glmM,protein_coding,1106762,1106835,1104944,1105333,FALSE,TRUE,ATGGCATTTATAGTA,AGTTAGTGAGTGAAC,ATG,-1.630445,16,FALSE,TRUE,-3.614515,10,SULM_06050,,,,Not in COG database
NZ_CP033238.1,CDS,1117829,1120471,-,ID=gene-SULM_RS06140;Dbxref=GeneID:38467847;Name=rpoA1;gbkey=Gene;gene=rpoA1;gene_biotype=protein_coding;locus_tag=SULM_RS06140;old_locus_tag=SULM_06145,rpoA1,protein_coding,1120477,1123851,1116654,1117832,FALSE,TRUE,TAAGTGGAGGTTAAG,GAGTCGTGGGGTGGA,ATG,-5.904895,9,TRUE,TRUE,-8.3854,8,SULM_06145,,,,Not in COG database
NZ_CP033238.1,CDS,1158396,1158893,-,ID=gene-SULM_RS06375;Dbxref=GeneID:38467894;Name=SULM_RS06375;gbkey=Gene;gene_biotype=protein_coding;locus_tag=SULM_RS06375;old_locus_tag=SULM_06380,SULM_RS06375,protein_coding,1161341,1162852,1157329,1158399,FALSE,TRUE,ATTTACAATAGGTAT,ATATTAAAGAGGGAA,ATG,-3.92996,7,TRUE,TRUE,-3.60793,8,SULM_06380,,,,Not in COG database
NZ_CP033238.1,CDS,1178873,1179409,-,ID=gene-SULM_RS06515;Dbxref=GeneID:38467922;Name=SULM_RS06515;gbkey=Gene;gene_biotype=protein_coding;locus_tag=SULM_RS06515;old_locus_tag=SULM_06520,SULM_RS06515,protein_coding,1179451,1179696,1177875,1178876,FALSE,TRUE,GTTTATATCGTGATG,TAAGACAGGAGGTTC,ATG,-1.507275,6,FALSE,TRUE,-5.904895,7,SULM_06520,,,,Not in COG database
NZ_CP033238.1,CDS,1227955,1228311,-,ID=gene-SULM_RS06795;Dbxref=GeneID:38467978;Name=SULM_RS06795;gbkey=Gene;gene_biotype=protein_coding;locus_tag=SULM_RS06795;old_locus_tag=SULM_06800,SULM_RS06795,protein_coding,1228323,1228787,1227803,1227958,FALSE,TRUE,TGGAATAAGGGGTGA,TAAGAGAGAGAGGAT,ATG,-5.13072,7,TRUE,TRUE,-3.60793,7,SULM_06800,,,,Not in COG database
NZ_CP033238.1,CDS,1244201,1244710,+,ID=gene-SULM_RS06895;Dbxref=GeneID:38467998;Name=SULM_RS06895;gbkey=Gene;gene_biotype=protein_coding;locus_tag=SULM_RS06895;old_locus_tag=SULM_06900,SULM_RS06895,protein_coding,1243161,1244189,1244707,1245675,FALSE,TRUE,AAGGCTAAAAATTCT,CGAGGAGGTTATTGA,ATG,-1.532995,16,FALSE,TRUE,-5.904895,11,SULM_06900,,,,Not in COG database
NZ_CP033238.1,CDS,1281786,1282445,-,ID=gene-SULM_RS07085;Dbxref=GeneID:38468036;Name=SULM_RS07085;gbkey=Gene;gene_biotype=protein_coding;locus_tag=SULM_RS07085;old_locus_tag=SULM_07090,SULM_RS07085,protein_coding,1283303,1284607,1281322,1281789,FALSE,TRUE,CAGTTCTGATATTCT,TCTTTAAAGAGGTGA,ATG,-0.250285000000002,11,FALSE,TRUE,-5.904895,7,SULM_07090,,,,Not in COG database
NZ_CP033238.1,CDS,1302389,1302721,+,ID=gene-SULM_RS07195;Dbxref=GeneID:38468058;Name=SULM_RS07195;gbkey=Gene;gene_biotype=protein_coding;locus_tag=SULM_RS07195;old_locus_tag=SULM_07200,SULM_RS07195,protein_coding,1301594,1302364,1302718,1303698,FALSE,TRUE,TGTTATTGGAGTATA,AACTATTAGGTGTCT,ATG,-0.359835,9,FALSE,TRUE,-3.82996,9,SULM_07200,,,,Not in COG database
NZ_CP033238.1,CDS,1311933,1312298,-,ID=gene-SULM_RS07275;Dbxref=GeneID:38468074;Name=SULM_RS07275;gbkey=Gene;gene_biotype=protein_coding;locus_tag=SULM_RS07275;old_locus_tag=SULM_07280,SULM_RS07275,protein_coding,1312282,1314006,1311532,1311936,TRUE,TRUE,AAGATTGGAATTGAG,TAACTGCGAGGGCTT,ATG,-3.41041,5,FALSE,TRUE,-3.60793,9,SULM_07280,,,,Not in COG database
NZ_CP033238.1,CDS,1317131,1317715,+,ID=gene-SULM_RS07315;Dbxref=GeneID:38468082;Name=SULM_RS07315;gbkey=Gene;gene_biotype=protein_coding;locus_tag=SULM_RS07315;old_locus_tag=SULM_07320,SULM_RS07315,protein_coding,1316876,1316951,1317712,1318692,FALSE,TRUE,GTTTAGAGGTAATTA,ATTTTGAAGAGAGGG,ATG,-6.004895,10,TRUE,TRUE,-3.60793,6,SULM_07320,,,,Not in COG database
NZ_CP033238.1,CDS,1401479,1401760,+,ID=gene-SULM_RS07865;Dbxref=GeneID:38468192;Name=SULM_RS07865;gbkey=Gene;gene_biotype=protein_coding;locus_tag=SULM_RS07865;old_locus_tag=SULM_07870,SULM_RS07865,protein_coding,1400676,1401101,1401757,1403031,FALSE,TRUE,TGATTAACATAGAGC,AATTGATTGAGGTGG,ATG,-0.450285000000002,17,FALSE,TRUE,-8.15547,7,SULM_07870,,,,Not in COG database
NZ_CP033238.1,CDS,1405916,1406173,-,ID=gene-SULM_RS07885;Dbxref=GeneID:38468196;Name=SULM_RS07885;gbkey=Gene;gene_biotype=protein_coding;locus_tag=SULM_RS07885;old_locus_tag=SULM_07890,SULM_RS07885,protein_coding,1406809,1407267,1404867,1405919,FALSE,TRUE,AATCGAATATTGAGA,AAGAGTTAGGTGTTT,ATG,-2.61041,6,FALSE,TRUE,-3.82996,9,SULM_07890,,,,Not in COG database
NZ_CP033238.1,CDS,1423108,1423392,+,ID=gene-SULM_RS08030;Dbxref=GeneID:38468225;Name=SULM_RS08030;gbkey=Gene;gene_biotype=protein_coding;locus_tag=SULM_RS08030;old_locus_tag=SULM_08035,SULM_RS08030,protein_coding,1422624,1423115,1423389,1423556,TRUE,TRUE,TGTCTAAAGGTGAGG,TAGAGGAGGATGAAA,ATG,-8.56261,5,TRUE,TRUE,-3.60793,14,SULM_08035,,,,Not in COG database
NZ_CP033238.1,CDS,1451065,1452087,-,ID=gene-SULM_RS08220;Dbxref=GeneID:38468263;Name=SULM_RS08220;gbkey=Gene;gene_biotype=protein_coding;locus_tag=SULM_RS08220;old_locus_tag=SULM_08225,SULM_RS08220,protein_coding,1452080,1453315,1450658,1451068,TRUE,TRUE,ATGTCGGTGGTGAAT,TATTAAAGGGGTATC,GTG,-1.469835,12,FALSE,TRUE,-5.23072,8,SULM_08225,,,,Not in COG database
NZ_CP033238.1,CDS,1470488,1471879,+,ID=gene-SULM_RS08315;Dbxref=GeneID:38468282;Name=SULM_RS08315;gbkey=Gene;gene_biotype=protein_coding;locus_tag=SULM_RS08315;old_locus_tag=SULM_08320,SULM_RS08315,protein_coding,1468710,1470488,1471876,1472517,TRUE,TRUE,AAAAGGAGGCTGGTA,CGAATTATAGGGGTA,ATG,-3.60793,11,TRUE,TRUE,-5.23072,6,SULM_08320,,,,Not in COG database
NZ_CP033238.1,CDS,1474837,1475853,+,ID=gene-SULM_RS08345;Dbxref=GeneID:38468288;Name=pdxS;gbkey=Gene;gene=pdxS;gene_biotype=protein_coding;locus_tag=SULM_RS08345;old_locus_tag=SULM_08350,pdxS,protein_coding,1474516,1474803,1475850,1476452,FALSE,TRUE,AGTCAGAATATGTGA,TACTACAAGTGAGAG,ATG,-1.35439,5,FALSE,TRUE,-4.66261,5,SULM_08350,,,,Not in COG database
NZ_CP033238.1,CDS,1494995,1495750,+,ID=gene-SULM_RS08460;Dbxref=GeneID:38468311;Name=hisF;gbkey=Gene;gene=hisF;gene_biotype=protein_coding;locus_tag=SULM_RS08460;old_locus_tag=SULM_08465,hisF,protein_coding,1494417,1494998,1495747,1496943,TRUE,TRUE,GAAGCACGAAGGGGA,AAGGCATCGAGGTGA,ATG,-2.833755,6,FALSE,TRUE,-5.904895,7,SULM_08465,,,,Not in COG database
NZ_CP033238.1,CDS,1496936,1497220,+,ID=gene-SULM_RS08470;Dbxref=GeneID:38468313;Name=hisE;gbkey=Gene;gene=hisE;gene_biotype=protein_coding;locus_tag=SULM_RS08470;old_locus_tag=SULM_08475,hisE,protein_coding,1495747,1496943,1497217,1497816,TRUE,TRUE,AAAAGTATAGGTGCA,AGTTAGAGAGGAGGA,ATG,-3.82996,8,TRUE,TRUE,-3.60793,9,SULM_08475,,,,Not in COG database
NZ_CP033238.1,CDS,1503790,1504089,-,ID=gene-SULM_RS08525;Dbxref=GeneID:38468324;Name=SULM_RS08525;gbkey=Gene;gene_biotype=protein_coding;locus_tag=SULM_RS08525;old_locus_tag=SULM_08530,SULM_RS08525,protein_coding,1504091,1504963,1503482,1503793,FALSE,TRUE,ATTTCAGTGAGAAAA,AAGAGGAGGAAAAGG,ATG,-3.614515,9,TRUE,TRUE,-3.60793,14,SULM_08530,,,,Not in COG database
NZ_CP033238.1,CDS,1504960,1506129,-,ID=gene-SULM_RS08535;Dbxref=GeneID:38468326;Name=pyrC;gbkey=Gene;gene=pyrC;gene_biotype=protein_coding;locus_tag=SULM_RS08535;old_locus_tag=SULM_08540,pyrC,protein_coding,1506092,1506718,1504091,1504963,TRUE,TRUE,GGTCCTTTCATGAGG,ATCCGTTTGGTGAGA,ATG,-9.39043,6,TRUE,TRUE,-3.614515,6,SULM_08540,,,,Not in COG database
NZ_CP033238.1,CDS,1514390,1514644,+,ID=gene-SULM_RS08605;Dbxref=GeneID:38468340;Name=purS;gbkey=Gene;gene=purS;gene_biotype=protein_coding;locus_tag=SULM_RS08605;old_locus_tag=SULM_08610,purS,protein_coding,1513678,1514379,1514641,1515315,FALSE,TRUE,ACCTCATGAGGGCCC,TCGTTAGAGTGAGAA,ATG,-7.69043,10,TRUE,TRUE,-3.614515,7,SULM_08610,,,,Not in COG database
NZ_CP033238.1,CDS,1529981,1530829,+,ID=gene-SULM_RS08670;Dbxref=GeneID:38468353;Name=lysX;gbkey=Gene;gene=lysX;gene_biotype=protein_coding;locus_tag=SULM_RS08670;old_locus_tag=SULM_08675,lysX,protein_coding,1526825,1529980,1531471,1532445,FALSE,FALSE,GTATGGAGGAGGAAT,TTACTTATACTTCTT,TTG,-3.89043,12,TRUE,FALSE,2.1433,13,SULM_08675,,,,Not in COG database
NZ_CP033238.1,CDS,1574697,1575113,-,ID=gene-SULM_RS08955;Dbxref=GeneID:38468410;Name=SULM_RS08955;gbkey=Gene;gene_biotype=protein_coding;locus_tag=SULM_RS08955;old_locus_tag=SULM_08960,SULM_RS08955,protein_coding,1575110,1575655,1574245,1574700,TRUE,TRUE,ATAAAAAAGAGGTGA,GTAATGAGGGTGTAG,ATG,-5.904895,7,TRUE,TRUE,-7.99043,12,SULM_08960,,,,Not in COG database
NZ_CP033238.1,CDS,1575110,1575655,-,ID=gene-SULM_RS08960;Dbxref=GeneID:38468411;Name=SULM_RS08960;gbkey=Gene;gene_biotype=protein_coding;locus_tag=SULM_RS08960;old_locus_tag=SULM_08965,SULM_RS08960,protein_coding,1575665,1576066,1574697,1575113,FALSE,TRUE,CGTGTATTGAGGTGT,ATAAAAAAGAGGTGA,ATG,-8.15547,7,TRUE,TRUE,-5.904895,7,SULM_08965,,,,Not in COG database
NZ_CP033238.1,CDS,1579122,1579811,-,ID=gene-SULM_RS09010;Dbxref=GeneID:38468421;Name=SULM_RS09010;gbkey=Gene;gene_biotype=protein_coding;locus_tag=SULM_RS09010;old_locus_tag=SULM_09015,SULM_RS09010,protein_coding,1579813,1580286,1578904,1579125,FALSE,TRUE,TTAGAGGAGGTGGAG,AAAGTGAGGGTGAGA,ATG,-5.904895,9,TRUE,TRUE,-6.86261,11,SULM_09015,,,,Not in COG database
NZ_CP033238.1,CDS,1623948,1624940,+,ID=gene-SULM_RS09315;Dbxref=GeneID:38468482;Name=SULM_RS09315;gbkey=Gene;gene_biotype=protein_coding;locus_tag=SULM_RS09315;old_locus_tag=SULM_09320,SULM_RS09315,protein_coding,1623477,1623926,1624937,1626154,FALSE,TRUE,TCACTTATGTGGTGA,ATATAGGCAGTGAGA,ATG,-1.55233500000001,8,FALSE,TRUE,-3.614515,6,SULM_09320,,,,Not in COG database
NZ_CP033238.1,CDS,1672659,1672877,-,ID=gene-SULM_RS09610;Dbxref=GeneID:38468541;Name=SULM_RS09610;gbkey=Gene;gene_biotype=protein_coding;locus_tag=SULM_RS09610;old_locus_tag=SULM_09615,SULM_RS09610,protein_coding,1678709,1679827,1672348,1672662,FALSE,TRUE,AAGTGGTAATGGATG,CTGAGTTGGTACCAA,ATG,-2.430445,9,FALSE,TRUE,-4.75547,10,SULM_09615,,,,Not in COG database
NZ_CP033238.1,CDS,1708197,1708469,-,ID=gene-SULM_RS09815;Dbxref=GeneID:38468582;Name=SULM_RS09815;gbkey=Gene;gene_biotype=protein_coding;locus_tag=SULM_RS09815;old_locus_tag=SULM_09820,SULM_RS09815,protein_coding,1710543,1710752,1707319,1708200,FALSE,TRUE,CGCGTAACATAAAAA,GCGAGAGGAGGTCAA,ATG,1.67826,15,FALSE,TRUE,-5.904895,8,SULM_09820,,,,Not in COG database
NZ_CP033238.1,CDS,1728824,1730272,+,ID=gene-SULM_RS09930;Dbxref=GeneID:38468605;Name=SULM_RS09930;gbkey=Gene;gene_biotype=protein_coding;locus_tag=SULM_RS09930;old_locus_tag=SULM_09935,SULM_RS09930,protein_coding,1728510,1728749,1730269,1731207,FALSE,TRUE,ATCTGTATTTGATTG,CCATAGGGGTTACCA,ATG,-0.310410000000002,5,FALSE,TRUE,-5.13072,10,SULM_09935,,,,Not in COG database
NZ_CP033238.1,CDS,1731236,1732828,+,ID=gene-SULM_RS09940;Dbxref=GeneID:38468607;Name=SULM_RS09940;gbkey=Gene;gene_biotype=protein_coding;locus_tag=SULM_RS09940;old_locus_tag=SULM_09945,SULM_RS09940,protein_coding,1730269,1731207,1732825,1733994,FALSE,TRUE,TATATAGGGTGTAAC,TATATAAGGTGGATA,ATG,-3.00755,10,FALSE,TRUE,-3.82996,10,SULM_09945,,,,Not in COG database
NZ_CP033238.1,CDS,1758708,1760126,-,ID=gene-SULM_RS10080;Dbxref=GeneID:38468635;Name=SULM_RS10080;gbkey=Gene;gene_biotype=protein_coding;locus_tag=SULM_RS10080;old_locus_tag=SULM_10085,SULM_RS10080,protein_coding,1769680,1771086,1757884,1758711,FALSE,TRUE,GTCGAACATATGTTC,ATTTCATGGTGAGTA,ATG,-0.107275000000003,9,FALSE,TRUE,-3.614515,7,SULM_10085,,,,Not in COG database
NZ_CP033238.1,CDS,1785653,1786258,-,ID=gene-SULM_RS10185;Dbxref=GeneID:38468656;Name=SULM_RS10185;gbkey=Gene;gene_biotype=protein_coding;locus_tag=SULM_RS10185;old_locus_tag=SULM_10190,SULM_RS10185,protein_coding,1786255,1787430,1783911,1785656,TRUE,TRUE,AAATAGGAGTGATGT,TGATGAAGGTGAAGG,GTG,-1.532995,13,FALSE,TRUE,-6.387395,11,SULM_10190,,,,Not in COG database
NZ_CP033238.1,CDS,1827863,1828960,+,ID=gene-SULM_RS10435;Dbxref=GeneID:38468706;Name=purK;gbkey=Gene;gene=purK;gene_biotype=protein_coding;locus_tag=SULM_RS10435;old_locus_tag=SULM_10440,purK,protein_coding,1827415,1827891,1828957,1829313,TRUE,TRUE,TCAGAGGATATGAGG,ATACTAATGGGTTAG,ATG,-9.49043,6,TRUE,TRUE,-5.416255,6,SULM_10440,,,,Not in COG database
NZ_CP033238.1,CDS,1842431,1844938,+,ID=gene-SULM_RS10515;Dbxref=GeneID:38468722;Name=SULM_RS10515;gbkey=Gene;gene_biotype=protein_coding;locus_tag=SULM_RS10515;old_locus_tag=SULM_10520,SULM_RS10515,protein_coding,1841757,1842434,1844935,1846131,TRUE,TRUE,AGATAGTTGGTGAAG,GTCTTAGAGGGTTAC,ATG,-1.469835,9,FALSE,TRUE,-3.60793,10,SULM_10520,,,,Not in COG database
NZ_CP033238.1,CDS,1850636,1851265,+,ID=gene-SULM_RS10555;Dbxref=GeneID:38468730;Name=SULM_RS10555;gbkey=Gene;gene_biotype=protein_coding;locus_tag=SULM_RS10555;old_locus_tag=SULM_10560,SULM_RS10555,protein_coding,1848244,1848561,1851262,1852071,FALSE,TRUE,TGACGCCTTTTATAC,TAGTGAGAATTGTGG,ATG,-0.450285000000002,17,FALSE,TRUE,-4.959575,7,SULM_10560,,,,Not in COG database
NZ_CP033238.1,CDS,1865688,1866722,+,ID=gene-SULM_RS10665;Dbxref=GeneID:38468752;Name=SULM_RS10665;gbkey=Gene;gene_biotype=protein_coding;locus_tag=SULM_RS10665;old_locus_tag=SULM_10670,SULM_RS10665,protein_coding,1864499,1864765,1866719,1867624,FALSE,TRUE,TTAACTAAAGCATTT,TAATAGAAGAGGTGG,ATG,1.7151,10,FALSE,TRUE,-5.904895,7,SULM_10670,,,,Not in COG database
NZ_CP033238.1,CDS,1866719,1867624,+,ID=gene-SULM_RS10670;Dbxref=GeneID:38468753;Name=SULM_RS10670;gbkey=Gene;gene_biotype=protein_coding;locus_tag=SULM_RS10670;old_locus_tag=SULM_10675,SULM_RS10670,protein_coding,1865688,1866722,1867621,1868676,TRUE,TRUE,TAATAGAAGAGGTGG,TATTTAAGGTGATAA,GTG,-5.904895,7,TRUE,TRUE,-3.82996,10,SULM_10675,,,,Not in COG database
NZ_CP033238.1,CDS,1872626,1872994,-,ID=gene-SULM_RS10705;Dbxref=GeneID:38468760;Name=SULM_RS10705;gbkey=Gene;gene_biotype=protein_coding;locus_tag=SULM_RS10705;old_locus_tag=SULM_10710,SULM_RS10705,protein_coding,1872957,1874297,1872069,1872629,TRUE,TRUE,AAGGGCTTTTTTGAT,AAAGTTTGAGGTATT,ATG,-1.532995,16,FALSE,TRUE,-8.25547,8,SULM_10710,,,,Not in COG database
NZ_CP033238.1,CDS,1879862,1880554,+,ID=gene-SULM_RS10750;Dbxref=GeneID:38468769;Name=SULM_RS10750;gbkey=Gene;gene_biotype=protein_coding;locus_tag=SULM_RS10750;old_locus_tag=SULM_10755,SULM_RS10750,protein_coding,1879192,1879875,1880551,1881468,TRUE,TRUE,TTCCTTAGGGTGATC,AGGAGGAGGTGGTAC,TTG,-3.00755,9,FALSE,TRUE,-5.904895,10,SULM_10755,,,,Not in COG database
NZ_CP033238.1,CDS,1915269,1916375,-,ID=gene-SULM_RS10915;Dbxref=GeneID:38468802;Name=SULM_RS10915;gbkey=Gene;gene_biotype=protein_coding;locus_tag=SULM_RS10915;old_locus_tag=SULM_10920,SULM_RS10915,protein_coding,1916372,1917253,1914295,1915272,TRUE,TRUE,ATCTGGCAGGGGTGA,ATGAGAAAGTGAGCA,ATG,-5.13072,7,TRUE,TRUE,-5.987395,10,SULM_10920,,,,Not in COG database
NZ_CP033238.1,CDS,1916372,1917253,-,ID=gene-SULM_RS10920;Dbxref=GeneID:38468803;Name=SULM_RS10920;gbkey=Gene;gene_biotype=protein_coding;locus_tag=SULM_RS10920;old_locus_tag=SULM_10925,SULM_RS10920,protein_coding,1917264,1918142,1915269,1916375,FALSE,TRUE,TTTACATGAGGTGAT,ATCTGGCAGGGGTGA,ATG,-9.987395,9,TRUE,TRUE,-5.13072,7,SULM_10925,,,,Not in COG database
NZ_CP033238.1,CDS,1955072,1956229,-,ID=gene-SULM_RS11125;Dbxref=GeneID:38468844;Name=SULM_RS11125;gbkey=Gene;gene_biotype=protein_coding;locus_tag=SULM_RS11125;old_locus_tag=SULM_11130,SULM_RS11125,protein_coding,1956233,1956499,1954182,1955075,FALSE,TRUE,TAGGGAGGTGAAATA,AAGAAGAGAGGTGGC,ATG,-5.904895,11,TRUE,TRUE,-5.904895,8,SULM_11130,,,,Not in COG database
NZ_CP033238.1,CDS,1979420,1980550,+,ID=gene-SULM_RS11265;Dbxref=GeneID:38468872;Name=SULM_RS11265;gbkey=Gene;gene_biotype=protein_coding;locus_tag=SULM_RS11265;old_locus_tag=SULM_11270,SULM_RS11265,protein_coding,1979061,1979408,1980547,1981008,FALSE,TRUE,ACTTGTGAGGTGAAA,ATCTTGGAGGAATAG,ATG,-9.159575,9,TRUE,TRUE,-3.60793,10,SULM_11270,,,,Not in COG database
NZ_CP033238.1,CDS,2015528,2017129,-,ID=gene-SULM_RS11455;Dbxref=GeneID:38468910;Name=SULM_RS11455;gbkey=Gene;gene_biotype=protein_coding;locus_tag=SULM_RS11455;old_locus_tag=SULM_11460,SULM_RS11455,protein_coding,2017135,2018121,2014560,2015531,FALSE,TRUE,TAAAACTAAGGTGAA,GTTTAGTTGGTGAGA,ATG,-3.82996,8,TRUE,TRUE,-3.614515,6,SULM_11460,,,,Not in COG database
NZ_CP033238.1,CDS,2070290,2072008,+,ID=gene-SULM_RS11675;Dbxref=GeneID:38468954;Name=cas3;gbkey=Gene;gene=cas3;gene_biotype=protein_coding;locus_tag=SULM_RS11675;old_locus_tag=SULM_11685,cas3,protein_coding,2069394,2070365,2072005,2072649,TRUE,TRUE,AGCAATCACCTCTAA,CTGGGTTGAGGTTGA,ATG,1.5151,18,FALSE,TRUE,-8.15547,8,SULM_11685,,,,Not in COG database
NZ_CP033238.1,CDS,2203402,2204769,-,ID=gene-SULM_RS12285;Dbxref=GeneID:38469076;Name=SULM_RS12285;gbkey=Gene;gene_biotype=protein_coding;locus_tag=SULM_RS12285;old_locus_tag=SULM_12300,SULM_RS12285,protein_coding,2206088,2206774,2202863,2203405,FALSE,TRUE,TATATTCAAGTGAAG,AACCTAGAGGTGATC,ATG,-1.25439,7,FALSE,TRUE,-5.904895,9,SULM_12300,,,,Not in COG database
NZ_CP033238.1,CDS,2229719,2230135,+,ID=gene-SULM_RS12410;Dbxref=GeneID:38469101;Name=SULM_RS12410;gbkey=Gene;gene_biotype=protein_coding;locus_tag=SULM_RS12410;old_locus_tag=SULM_12425,SULM_RS12410,protein_coding,2228695,2229714,2230132,2231166,FALSE,TRUE,ATAGTAAAGGTGTAA,TATATGAGGCTAAAA,ATG,-3.82996,9,TRUE,TRUE,-7.79043,12,SULM_12425,,,,Not in COG database
NZ_CP033238.1,CDS,2252303,2253664,+,ID=gene-SULM_RS12520;Dbxref=GeneID:38469123;Name=SULM_RS12520;gbkey=Gene;gene_biotype=protein_coding;locus_tag=SULM_RS12520;old_locus_tag=SULM_12535,SULM_RS12520,protein_coding,2251654,2252133,2253661,2254047,FALSE,TRUE,TATTTAAACATTAGA,ATGAAGGGGGGATAT,ATG,1.7151,6,FALSE,TRUE,-4.09043,12,SULM_12535,,,,Not in COG database
NZ_CP033238.1,CDS,2260506,2261687,+,ID=gene-SULM_RS12560;Dbxref=GeneID:38469131;Name=SULM_RS12560;gbkey=Gene;gene_biotype=protein_coding;locus_tag=SULM_RS12560;old_locus_tag=SULM_12575,SULM_RS12560,protein_coding,2255082,2256665,2261684,2263369,FALSE,TRUE,ATTTCTACAATATAT,GAACAGAGGTGATAT,ATG,1.6433,6,FALSE,TRUE,-5.904895,10,SULM_12575,,,,Not in COG database
NZ_CP033238.1,CDS,2364518,2365561,-,ID=gene-SULM_RS13145;Dbxref=GeneID:38469248;Name=SULM_RS13145;gbkey=Gene;gene_biotype=protein_coding;locus_tag=SULM_RS13145;old_locus_tag=SULM_13180,SULM_RS13145,protein_coding,2367144,2367584,2363799,2364521,FALSE,TRUE,ATTTTAAGGGAAAAA,AACAAGTGGTGATGG,ATG,-1.532995,11,FALSE,TRUE,-4.66261,5,SULM_13180,,,,Not in COG database
NZ_CP033238.1,CDS,2532033,2533178,+,ID=gene-SULM_RS14165;Dbxref=GeneID:38469452;Name=SULM_RS14165;gbkey=Gene;gene_biotype=protein_coding;locus_tag=SULM_RS14165;old_locus_tag=SULM_14205,SULM_RS14165,protein_coding,2530855,2531970,2533175,2534353,FALSE,TRUE,GGATGAGAAGAGAAT,TCGTGGTGGTGGAAA,TTG,-4.89043,11,TRUE,TRUE,-4.4854,10,SULM_14205,,,,Not in COG database
NZ_CP033238.1,CDS,2558287,2560443,+,ID=gene-SULM_RS14295;Dbxref=GeneID:38469478;Name=glgX;gbkey=Gene;gene=glgX;gene_biotype=protein_coding;locus_tag=SULM_RS14295;old_locus_tag=SULM_14335,glgX,protein_coding,2556433,2558118,2560440,2562638,FALSE,TRUE,ATAATAGTTAAGTAC,TTTATAGGAGGATAG,ATG,1.67826,7,FALSE,TRUE,-3.60793,9,SULM_14335,,,,Not in COG database
NZ_CP033238.1,CDS,2599462,2599692,+,ID=gene-SULM_RS14500;Dbxref=GeneID:38469519;Name=SULM_RS14500;gbkey=Gene;gene_biotype=protein_coding;locus_tag=SULM_RS14500;old_locus_tag=SULM_14535,SULM_RS14500,protein_coding,2597581,2598789,2599689,2600201,FALSE,TRUE,TATGATTTAATTTAA,AGGCGAGGATACCTA,ATG,-2.18221,16,FALSE,TRUE,-3.60793,12,SULM_14535,,,,Not in COG database
NZ_CP033238.1,CDS,2605570,2606661,+,ID=gene-SULM_RS14530;Dbxref=GeneID:38469525;Name=SULM_RS14530;gbkey=Gene;gene_biotype=protein_coding;locus_tag=SULM_RS14530;old_locus_tag=SULM_14565,SULM_RS14530,protein_coding,2604069,2605361,2606658,2607905,FALSE,TRUE,GATTACGAAATATTC,ACGTTCCGGGGTTGG,ATG,1.50029,18,FALSE,TRUE,-5.13072,8,SULM_14565,,,,Not in COG database
NZ_CP033238.1,CDS,2614378,2615379,-,ID=gene-SULM_RS14565;Dbxref=GeneID:38469532;Name=SULM_RS14565;gbkey=Gene;gene_biotype=protein_coding;locus_tag=SULM_RS14565;old_locus_tag=SULM_14605,SULM_RS14565,protein_coding,2615372,2615779,2613509,2614381,TRUE,TRUE,ATTGAGGAGGTTGTT,CTATGAGGAGGGCCA,ATG,-5.904895,9,TRUE,TRUE,-7.79043,13,SULM_14605,,,,Not in COG database
