seqid,type,start,end,strand,attributes,locus_name,gene_biotype,prev_start,prev_end,next_start,next_end,overlap_prev,overlap_next,seq_upstream,seq_next_upstream,start_codon,deltaG,RBS_dist,has_RBS,next_has_RBS,next_deltaG,next_RBS_dist,n_overlap_prev,n_overlap_next,seq_overlap_prev,seq_overlap_next,group,frame
NZ_LS483338.1,CDS,9437,10723,+,ID=gene-DQM35_RS00045;Dbxref=GeneID:69899961;Name=DQM35_RS00045;gbkey=Gene;gene_biotype=protein_coding;locus_tag=DQM35_RS00045;old_locus_tag=NCTC12064_00010,DQM35_RS00045,protein_coding,9299,9424,10720,12006,FALSE,TRUE,AAACTAGAAAGGAGT,ACGTTTATGGTATTT,ATG,-6.768055,7,TRUE,FALSE,-1.569835,9,,4,,ATGA,2,1
NZ_LS483338.1,CDS,331564,331977,+,ID=gene-DQM35_RS01865;Dbxref=GeneID:69900309;Name=DQM35_RS01865;gbkey=Gene;gene_biotype=protein_coding;locus_tag=DQM35_RS01865;old_locus_tag=NCTC12064_00367,DQM35_RS01865,protein_coding,331373,331567,331974,332258,TRUE,TRUE,ATTTGAGAGAGGTAG,TGATAGAAAGTGTGG,ATG,-6.004895,7,TRUE,FALSE,-0.872870000000002,5,4,4,ATGA,ATGA,31,1
NZ_LS483338.1,CDS,412793,414232,+,ID=gene-DQM35_RS02275;Dbxref=GeneID:69900386;Name=gatB;gbkey=Gene;gene=gatB;gene_biotype=protein_coding;locus_tag=DQM35_RS02275;old_locus_tag=NCTC12064_00446,gatB,protein_coding,411327,412793,414229,414444,TRUE,TRUE,TTTTTGGAGGTGACA,AATTGCAAAAATTGC,ATG,-9.15299,9,TRUE,FALSE,3.875225,17,1,4,A,TTGA,43,1
NZ_LS483338.1,CDS,504759,506219,+,ID=gene-DQM35_RS02760;Dbxref=GeneID:69900479;Name=DQM35_RS02760;gbkey=Gene;gene_biotype=protein_coding;locus_tag=DQM35_RS02760;old_locus_tag=NCTC12064_00544,DQM35_RS02760,protein_coding,503210,504589,506216,507040,FALSE,TRUE,ATTCAAAGGAGTCCC,ATGGAAAGAGTGATT,ATG,-6.768055,10,TRUE,FALSE,-2.15299,9,,4,,ATGA,56,1
NZ_LS483338.1,CDS,675640,675867,+,ID=gene-DQM35_RS09020;Dbxref=GeneID:69901655;Name=DQM35_RS09020;gbkey=Gene;gene_biotype=protein_coding;locus_tag=DQM35_RS09020,DQM35_RS09020,protein_coding,675406,675639,675864,676454,FALSE,TRUE,GGATGCAGATTTAGC,TAGATAAGGCAAATT,ATC,-1.347805,17,FALSE,FALSE,-2.332995,12,,4,,ATGA,71,1
NZ_LS483338.1,CDS,746294,747673,+,ID=gene-DQM35_RS03940;Dbxref=GeneID:69900699;Name=DQM35_RS03940;gbkey=Gene;gene_biotype=protein_coding;locus_tag=DQM35_RS03940;old_locus_tag=NCTC12064_00772,DQM35_RS03940,protein_coding,745667,746116,747670,747822,FALSE,TRUE,TAAAAAGAGGAGAAG,AAAAAGCGAGTGACC,ATG,-8.61615,6,TRUE,FALSE,-0.359835,10,,4,,ATGA,75,1
NZ_LS483338.1,CDS,778677,778871,+,ID=gene-DQM35_RS04125;Dbxref=GeneID:69900733;Name=DQM35_RS04125;gbkey=Gene;gene_biotype=protein_coding;locus_tag=DQM35_RS04125;old_locus_tag=NCTC12064_00811,DQM35_RS04125,protein_coding,778348,778677,778868,779152,TRUE,TRUE,AGATTTTAGGAGAAA,AAATGGACTTGGATA,ATG,-6.568055,9,TRUE,FALSE,-3.356025,8,1,4,A,ATGA,79,1
NZ_LS483338.1,CDS,933995,934975,+,ID=gene-DQM35_RS04920;Dbxref=GeneID:69900888;Name=DQM35_RS04920;gbkey=Gene;gene_biotype=protein_coding;locus_tag=DQM35_RS04920;old_locus_tag=NCTC12064_00971,DQM35_RS04920,protein_coding,933277,933855,934972,936099,FALSE,TRUE,TTAAGGAGCTAAATC,CTAAAGGCAAAAATA,ATG,-6.768055,13,TRUE,FALSE,-2.332995,14,,4,,ATGA,92,1
NZ_LS483338.1,CDS,983085,983954,-,ID=gene-DQM35_RS05160;Dbxref=GeneID:69900934;Name=cas1;gbkey=Gene;gene=cas1;gene_biotype=protein_coding;locus_tag=DQM35_RS05160;old_locus_tag=NCTC12064_01024,cas1,protein_coding,983954,988060,982747,983088,TRUE,TRUE,GTCAGCTAGGAGGTG,GAGTTCCTGAATTTA,ATG,-12.113115,7,TRUE,FALSE,-0.559835000000001,17,1,4,A,ATGA,132,1
NZ_LS483338.1,CDS,1437898,1438620,-,ID=gene-DQM35_RS07410;Dbxref=GeneID:69901358;Name=DQM35_RS07410;gbkey=Gene;gene_biotype=protein_coding;locus_tag=DQM35_RS07410;old_locus_tag=NCTC12064_01464,DQM35_RS07410,protein_coding,1438740,1439291,1437638,1437901,FALSE,TRUE,CAAAAGAAAGAAGAA,ACTTAGCTAATACGA,ATG,0.9151,15,FALSE,FALSE,1.1151,15,,4,,ATGA,184,1
NZ_LS483338.1,CDS,1440735,1441196,-,ID=gene-DQM35_RS07430;Dbxref=GeneID:69901362;Name=DQM35_RS07430;gbkey=Gene;gene_biotype=protein_coding;locus_tag=DQM35_RS07430;old_locus_tag=NCTC12064_01468,DQM35_RS07430,protein_coding,1441193,1441714,1439992,1440738,TRUE,TRUE,TGTCTAAGGAATTTA,ATTACACGATTATAA,ATG,-4.40793,11,TRUE,FALSE,2.00029,11,4,4,ATGA,ATGA,184,1
NZ_LS483338.1,CDS,1673681,1673950,-,ID=gene-DQM35_RS08535;Dbxref=GeneID:69901568;Name=DQM35_RS08535;gbkey=Gene;gene_biotype=protein_coding;locus_tag=DQM35_RS08535;old_locus_tag=NCTC12064_01679,DQM35_RS08535,protein_coding,1674066,1674464,1673265,1673684,FALSE,TRUE,TTAGAAAGAAGGTGT,GAAATGGAATTGATG,ATG,-3.82996,7,TRUE,FALSE,-1.956025,5,,4,,ATGA,201,1
